0,1,2
a,2349,38
a's,10,4
abhorrent,2,2
abilities,2,2
ability,3,3
able,49,15
abortion,6,5
about,411,87
above,6,2
abrupt,1,1
abruptly,1,1
absence,1,1
absentee,4,2
absolutely,8,8
absorb,1,1
absorbs,1,1
abstract,2,2
abuse,3,2
abused,1,1
academically,1,1
academies,1,1
academy,6,5
accent,2,1
accents,1,1
accept,4,4
acceptable,1,1
acceptance,1,1
accepted,2,2
accepting,1,1
access,2,2
accident,3,3
accidental,2,2
accidentally,2,2
accomplish,2,1
accomplished,1,1
accordance,1,1
according,2,2
account,2,2
accountable,1,1
accounting,6,6
accounts,1,1
accumulated,2,2
accurate,2,1
accurately,1,1
ache,1,1
achievement,3,2
acquainted,1,1
acre,1,1
acres,3,1
across,27,8
act,7,3
acted,1,1
acting,5,3
action,7,4
activate,1,1
active,13,3
actively,1,1
activism,1,1
activist,1,1
activists,1,1
activities,2,1
activity,4,2
actors,1,1
actual,7,7
actually,87,22
ad,2,1
adam,1,1
add,2,2
added,4,4
addict,1,1
addicted,1,1
addicting,1,1
addictions,1,1
addicts,3,3
adding,2,2
addition,2,2
additional,2,2
address,1,1
addressed,1,1
adds,2,1
adequate,5,4
aderal,1,1
adge,1,1
adjacent,1,1
adjoining,1,1
adjust,3,1
adjusted,2,1
adjusting,3,2
adjustment,2,2
adjusts,1,1
administration,1,1
administrative,3,3
administrator,3,3
admire,3,2
admired,2,2
admit,3,3
adolescent,1,1
adopt,1,1
adopted,4,3
adopting,1,1
adoption,4,2
adorable,1,1
adored,1,1
ads,1,1
adult,2,2
adulthood,1,1
adults,7,3
advance,2,2
advantage,4,4
advantages,2,2
adventure,1,1
advertise,2,1
advertisement,1,1
advertisements,2,2
advertising,1,1
advocate,2,2
advocating,1,1
affect,3,2
affected,2,1
affects,4,3
affirmative,1,1
afford,7,5
affordable,1,1
afraid,5,2
africa,4,4
african,1,1
after,77,20
aftermath,1,1
afternoon,6,4
afterward,1,1
afterwards,3,3
again,38,14
against,30,13
age,39,5
aged,1,1
agency,3,3
agents,1,1
ages,1,1
aggravate,1,1
aggravated,1,1
aggravating,2,2
aging,1,1
ago,45,9
agree,7,3
agreed,1,1
agreeing,2,2
agreement,2,2
agricultural,3,3
agriculturally,1,1
ah,21,3
aha,1,1
ahead,10,3
aid,3,1
aids,6,2
aim,1,1
ain't,3,3
air,11,1
airforce,4,1
airline,3,1
airliners,1,1
airlines,2,1
airplane,9,6
airplanes,16,4
airport,9,6
airports,2,1
akron,1,1
alarm,3,2
alaska,2,1
albany,1,1
alcohol,3,3
alcoholics,2,2
alcoholism,1,1
alexander,1,1
algebra,2,2
alien,1,1
alive,1,1
all,498,15
alley,1,1
allow,1,1
allowed,8,6
allows,1,1
almost,30,14
alone,1,1
along,19,6
already,28,21
alright,6,5
also,61,12
alternate,1,1
alternative,6,6
although,12,5
altitude,2,2
aluminum,1,1
always,118,39
am,32,9
am-ing,1,1
amazing,6,4
ambience,1,1
ambition,1,1
ambulance,1,1
amend,1,1
america,8,4
america's,1,1
american,6,6
american's,1,1
americans,4,3
ameritech,1,1
ames,1,1
amherst,1,1
ammunition,2,2
among,4,2
amongst,1,1
amount,8,4
amounts,1,1
amsterdam,1,1
amy,1,1
amy's,1,1
an,189,20
analogy,1,1
analyst,1,1
analyzed,1,1
ancient,1,1
and,4498,142
and ,1,1
angel,1,1
angela's,1,1
angels,1,1
anger,3,1
angering,1,1
angle,1,1
angry,1,1
animal,8,3
animals,1,1
ann,1,1
annexed,1,1
annoying,1,1
annual,1,1
anonymous,1,1
another,76,18
answer,23,7
answering,4,4
answers,7,4
anthony,1,1
anti,1,1
any,109,16
anybody,25,18
anybody's,3,3
anyhow,2,2
anymore,31,12
anyone,8,5
anything,96,37
anything's,1,1
anytime,1,1
anyway,36,17
anyways,2,2
anywhere,8,6
anzio,4,2
apart,5,3
apartment,6,6
apartments,4,4
apiece,1,1
apologetics,2,2
apologies,1,1
apologize,2,2
apostolic,1,1
appalachia,1,1
appalling,1,1
apparently,6,6
appeal,9,5
appeals,1,1
appearances,1,1
appeared,1,1
appetite,1,1
apple,1,1
applications,1,1
applied,1,1
applies,2,2
apply,4,1
appoint,1,1
appreciable,1,1
appreciate,2,1
appreciated,1,1
appreciates,1,1
apprehensive,1,1
apprentice,1,1
apprentices,1,1
apprenticeship,2,1
approach,3,2
approachable,1,1
appropriate,2,2
approval,2,1
approved,1,1
approximately,1,1
arbitration,1,1
arbitrator,1,1
archie,3,2
are,383,27
area,59,12
areas,5,4
aren't,25,15
arenas,1,1
argue,3,1
argument,2,2
arguments,1,1
arizona,1,1
arms,1,1
army,8,3
arnold,1,1
aroma,1,1
around,112,44
arrest,2,1
arrested,1,1
arrogance,1,1
art,3,1
arthritis,1,1
article,2,2
articles,3,3
artillery,6,4
artist,2,2
arts,7,1
as,330,23
ashland,23,10
aside,7,4
ask,19,2
asked,6,3
asking,8,5
asks,4,2
asleep,1,1
aspect,1,1
aspects,1,1
ass,8,1
assembly,1,1
asses,1,1
asset,2,2
asshole,1,1
assigned,1,1
assignments,1,1
assist,1,1
assistant,4,3
assistants,2,2
associate,2,2
associated,2,2
association,5,5
assume,2,1
at,434,37
ate,1,1
athens,4,3
atlanta,7,6
atmosphere,2,2
atone,2,1
attached,2,2
attack,3,3
attempt,1,1
attend,6,2
attendance,1,1
attended,2,2
attention,13,9
attentive,1,1
attitude,7,3
attitudes,1,1
attorney,10,10
attorneys,3,3
attracted,1,1
attraction,1,1
attractive,3,2
attributes,1,1
auction,1,1
audience,1,1
auditorially,1,1
august,4,4
aunt,6,3
aunts,1,1
australia,2,2
authority,1,1
auto,1,1
automatically,4,3
available,4,3
avenue,6,5
avenues,1,1
average,5,2
avoid,6,2
avoiding,1,1
aw,2,1
award,5,1
aware,4,1
away,59,5
awe,1,1
awful,1,1
awhile,2,2
awkward,1,1
b,9,1
b's,4,2
babies,2,1
baby,32,5
babysit,2,2
babysits,1,1
babysitter,4,2
babysitters,2,1
bachelor,1,1
bachelors,3,3
back,200,10
backed,1,1
background,5,2
backlash,1,1
backpack,1,1
backward,1,1
backwards,1,1
bad,78,10
badder,1,1
badge,1,1
badly,3,1
bag,6,1
baggy,1,1
bags,5,2
baked,1,1
baking,2,1
balance,2,1
balanced,1,1
balances,1,1
ball,2,1
ballot,2,2
ballplayer,1,1
balsamic,1,1
band,3,3
bang,2,1
banging,1,1
bank,12,4
baptism,2,2
baptist,2,2
baptists,1,1
bar,4,2
barber,1,1
barely,3,1
bargain,3,1
bargained,1,1
bargains,1,1
barn,3,2
barracks,1,1
barrier,1,1
bartering,1,1
base,4,1
baseball,4,2
based,9,3
baseline,1,1
basement,2,2
bashing,1,1
basic,3,1
basically,39,13
basil,1,1
basis,6,3
basket,1,1
basketball,5,5
bassinet,1,1
bat,1,1
bath,1,1
bathing,1,1
bathroom,4,3
bathroom's,1,1
bathrooms,1,1
bathtub,1,1
battery,3,2
battle,5,4
battles,2,1
battleship,2,2
bay,1,1
be,469,10
beach,1,1
beachhead,1,1
bean,1,1
bear,2,2
beard,1,1
bearing,2,2
bears,1,1
beast,2,1
beat,6,4
beating,2,2
beattys,1,1
beautiful,11,4
beauty,3,2
beaver,1,1
became,10,2
because,574,76
become,16,5
becomes,3,2
bed,13,4
bedroom,2,1
bee,1,1
beef,1,1
been,212,31
beer,6,2
beethoven,2,1
before,64,15
began,1,1
beggars,1,1
begin,7,2
beginning,7,3
begins,2,1
behave,2,1
behavior,4,1
behemoth,1,1
behind,9,6
being,71,14
beings,1,1
belgium,5,3
belief,1,1
beliefs,3,3
believe,59,15
believed,1,1
believer,2,2
believes,7,1
believing,6,6
bell,3,1
belligerent,1,1
belong,1,1
below,2,1
belt,1,1
benefit,3,3
benefits,1,1
berlin,1,1
bernice,6,4
bernie,1,1
berth,1,1
beside,5,5
besides,2,1
best,37,4
bet,14,3
beth's,1,1
bethel,2,1
betrayal,1,1
betrayed,2,1
bets,1,1
better,94,13
betty,3,1
between,22,9
beulah,1,1
beverly,1,1
beyond,4,2
biased,1,1
bible,6,5
bibles,1,1
bibliography,1,1
bidding,2,1
big,99,7
bigger,6,2
biggest,9,6
bigoted,1,1
bike,1,1
bikes,1,1
bill,5,2
billing,1,1
bills,2,1
bing,2,1
bingo,1,1
bipolar,2,1
biracial,1,1
birth,4,2
birthday,5,4
bit,55,13
bitch,2,1
bitching,3,3
bite,1,1
black,19,2
blackout,1,1
blacks,5,1
blah,21,6
blame,4,1
blank,2,2
bleeding,1,1
blessing,3,3
blew,2,1
blind,1,1
blindness,2,1
block,5,2
blocks,5,1
blond,1,1
bloody,1,1
blouse,1,1
blow,1,1
blowed,1,1
blowing,1,1
blows,1,1
blue,3,1
board,11,3
boards,1,1
boat,3,3
boatload,1,1
bob,1,1
bodies,2,2
body,9,3
boils,1,1
bomb,2,1
bombs,1,1
bonding,1,1
bono,1,1
book,20,1
bookcase,1,1
booklet,1,1
books,13,1
bookstore,2,1
boom,3,1
boon,1,1
boone,1,1
borden,1,1
border,1,1
borderline,1,1
bored,1,1
boring,10,6
born,17,5
borrow,1,1
boss,1,1
both,44,6
bother,9,3
bothered,1,1
bothering,4,4
bothers,1,1
bottle,7,5
bottles,1,1
bottom,5,2
bottoms,1,1
bought,19,8
boulevard,1,1
bouncing,1,1
bound,1,1
bout,1,1
bowl,3,2
bowled,1,1
box,6,1
boxes,2,2
boy,24,3
boyfriend,3,3
boyfriend's,2,1
boyfriends,1,1
boys,30,4
bracelets,1,1
braces,2,2
bradley,5,1
bradley's,1,1
brady,1,1
brain,11,4
brain's,1,1
brainer,1,1
brains,2,2
branch,2,2
brand,11,2
brave,1,1
bread,6,2
break,5,1
breakfast,4,4
breaking,7,4
breaks,2,1
breast,6,3
breath,1,1
breathing,2,2
breed,1,1
brethren,1,1
bribes,1,1
bright,4,2
brilliant,2,2
bring,13,4
bringing,3,3
brings,1,1
brink,1,1
broad,4,2
broadway,2,2
broke,6,3
broken,4,3
brookhaven,2,2
brother,18,3
brothers,5,2
brought,9,4
brown,5,1
browse,1,1
bruge,4,1
brush,1,1
buckeye,1,1
bucks,14,1
budapest,2,2
bug,1,1
build,7,3
building,10,6
buildings,4,4
built,5,4
bullshit,2,2
bum,1,1
bumper,1,1
bums,3,2
bunch,13,5
bunches,3,2
bunker,2,1
burden,1,1
bureau,2,2
bureaucracy,1,1
burn,6,2
burned,8,3
burning,1,1
burst,1,1
bus,8,1
busiest,1,1
business,32,10
businesses,2,2
businessman,2,2
busing,1,1
busted,3,3
busy,13,2
but,1062,64
butt,2,2
butter,3,1
butterball,1,1
buy,24,2
buying,2,1
by,123,8
bye,5,2
byrd,1,1
c,22,2
c's,4,1
cab,4,4
cabinets,3,3
cactus,1,1
cad,2,2
cage,1,1
cahoots,1,1
cahs,3,2
cake,4,1
cakes,2,1
calculate,1,1
calculating,1,1
calculus,1,1
calendar,2,2
caliber,1,1
california,7,6
call,52,4
called,38,12
calling,5,4
calls,5,2
calm,8,2
came,57,6
camera,1,1
cameras,1,1
camp,1,1
campaign,27,4
campaigns,7,1
campus,13,6
can,258,42
can't,153,36
canada,1,1
canadians,1,1
cancelled,1,1
cancun,1,1
candidate,12,11
candidates,3,3
candy,3,2
canned,1,1
cannot,3,3
canvas,1,1
capable,2,2
capita,2,2
capital,2,1
capitalism,3,2
capitalists,1,1
captain,1,1
captain's,1,1
captivity,1,1
capture,1,1
car,38,3
card,10,6
cards,6,3
care,44,4
career,4,2
careful,4,3
carefully,4,2
cares,3,1
carl,1,1
carmel,1,1
carol,1,1
carpentry,1,1
carried,1,1
carry,5,1
carrying,4,3
cars,11,4
carson,1,1
cart,1,1
carter,1,1
cartoon,1,1
cartoons,3,1
carwash,1,1
case,15,3
cash,2,1
casinos,2,2
cataract,1,1
catch,13,3
category,3,3
catholic,16,6
catholics,1,1
cats,1,1
caught,10,4
cause,14,7
causing,2,2
cave,1,1
cd,2,2
ceilings,1,1
celebrate,1,1
cell,1,1
cent,2,2
center,21,5
centered,1,1
centers,1,1
central,2,2
centralize,1,1
centralized,2,2
centrally,1,1
centrist,1,1
cents,9,3
centuries,1,1
century,1,1
cerebral,1,1
certain,31,6
certainly,5,3
certificate,4,3
certified,2,2
cesareans,1,1
chain,1,1
chair,6,1
chairs,2,1
chalk,1,1
challenge,2,2
challenges,1,1
challenging,3,2
chance,6,1
chances,1,1
change,39,2
changed,14,8
changes,6,3
changing,9,5
chapter,3,3
character,3,2
characteristics,1,1
characters,2,2
charge,5,1
charges,1,1
charging,1,1
charisma,3,2
charismatic,6,5
charitable,3,3
charity,1,1
chart,3,2
charter,1,1
chaser,1,1
chat,1,1
cheap,3,1
cheaper,2,1
cheapest,1,1
cheapskate,3,3
cheat,5,3
cheated,2,1
cheater,2,2
cheating,2,2
cheats,1,1
check,13,1
check-up,1,1
checked,2,2
checker,1,1
checking,1,1
checks,4,1
cheeks,1,1
cheer,1,1
cheese,4,1
chemical,6,5
cher,1,1
cherry,1,1
chest,1,1
chew,2,2
chewing,2,2
chic,1,1
chicago,1,1
chicken,2,2
chicks,1,1
chief,6,1
chief's,2,2
child,40,13
child's,2,2
childhood,3,3
childish,2,2
children,54,23
children's,2,2
chili,1,1
chill,5,1
chilled,2,1
chin,2,1
china,1,1
chinese,2,1
chip,1,1
chipped,3,2
chives,1,1
chocolatey,1,1
choice,7,1
choices,3,3
cholesterol,1,1
choose,4,2
chops,2,1
chose,2,1
chosen,1,1
christ,6,2
christian,17,10
christian's,1,1
christianity,3,3
christians,3,2
christmas,11,6
christopher,1,1
church,43,5
churches,7,3
churchill,1,1
cigarettes,3,3
cincinnati,3,3
circle,2,2
cirrus,1,1
cities,7,3
citizenry,2,2
citizens,3,2
citizenship,2,1
city,30,5
city's,1,1
civil,7,7
claim,4,2
claimed,1,1
claims,1,1
clarity,1,1
class,43,4
classes,28,7
classroom,3,3
classrooms,2,2
clause,1,1
clean,9,3
cleaner,1,1
cleaners,2,1
cleaning,1,1
clear,3,2
clearance,1,1
clearances,1,1
cleared,1,1
clearing,1,1
clearinghouse,1,1
clearly,3,2
cleveland,4,2
climbing,1,1
clinic,1,1
clinton,15,6
clinton's,1,1
clintonville,3,3
clock,1,1
close,14,5
closer,6,4
closest,2,2
closet,2,2
clothes,9,1
cloud,2,2
clown,3,1
club,5,2
clubbing,2,2
clubs,4,3
clue,3,1
clues,1,1
clump,1,1
coach,7,1
coaches,1,1
coaching,1,1
coast,1,1
coasting,1,1
coated,2,2
coca,1,1
cocaine,1,1
coemployees,1,1
coerced,1,1
coffee,6,2
coin,1,1
coke,1,1
cola,1,1
cold,4,2
coldness,1,1
coleman,7,4
colic,1,1
colin,1,1
colin's,1,1
collar,2,2
collection,4,2
collectively,1,1
collector,1,1
college,57,14
colleges,2,2
colliding,1,1
color,3,2
colorado,5,3
colors,2,1
columbine,1,1
columbus,110,22
comb,1,1
combination,2,2
combines,1,1
come,127,10
comedies,1,1
comes,27,5
comfest,1,1
comfort,2,2
comfortable,12,11
coming,34,12
command,1,1
commercial,1,1
commercials,3,3
commission,1,1
commissioner,2,2
commit,2,2
committed,1,1
committee,1,1
committees,1,1
commodore,1,1
common,5,4
communicate,2,2
communication,7,7
communications,8,7
communion,1,1
communism,2,1
communities,1,1
community,30,19
como,1,1
company,8,4
company's,1,1
comparable,1,1
compare,2,2
compared,6,4
comparing,2,1
compassionate,5,5
competition,1,1
competitive,1,1
complain,3,2
complete,1,1
completed,1,1
completely,1,1
completion,1,1
complex,1,1
complications,1,1
comprehend,1,1
comprehension,1,1
compromise,1,1
compulsively,1,1
computer,32,17
computers,14,7
conceive,2,2
concentrate,2,2
concepts,2,1
concern,1,1
concerned,8,6
concerted,1,1
conclusion,2,2
concrete,8,3
condition,1,1
conditions,3,3
condom,3,3
condoms,3,2
cone,2,2
conference,1,1
conferences,2,2
confidential,1,1
confirmation,1,1
confused,1,1
confusing,2,2
congenial,1,1
congestion,1,1
congregation,1,1
congress,3,1
congressmen,1,1
connected,1,1
connecting,1,1
connection,1,1
conscience,3,3
conscientious,4,3
consciousness,1,1
consecration,1,1
consent,1,1
consenting,2,1
consequence,2,1
consequently,4,4
conservative,6,5
conservatives,1,1
conservativism,1,1
conservatory,1,1
consider,2,2
consideration,3,3
consist,1,1
constant,1,1
construction,7,6
consultant,2,2
contact,3,2
contacted,1,1
contacts,1,1
contender,1,1
content,4,3
context,1,1
continent,1,1
continuance,1,1
continue,8,7
continued,3,3
continuously,2,2
contract,2,2
contracted,1,1
contractor,3,1
contractors,1,1
contracts,1,1
contrary,1,1
contribute,1,1
control,16,10
controlled,2,2
controller,4,2
controls,1,1
controversy,1,1
convenience,2,2
convention,2,2
conventional,1,1
conversation,8,8
conversational,1,1
conversations,1,1
convict,2,2
convicted,1,1
convictions,1,1
convince,2,2
cook,9,1
cookbook,1,1
cooking,5,4
cool,19,5
cooper,1,1
cooper's,1,1
cooperate,1,1
cooperative,1,1
cooperatively,1,1
cop,7,2
cope,1,1
copies,1,1
coping,1,1
copped,1,1
cops,1,1
copy,16,1
coral,1,1
corby,1,1
corinthians,1,1
corn,2,1
corner,3,3
corners,1,1
corporate,2,2
corporation,2,2
corporations,1,1
correct,5,3
corrected,1,1
correctly,1,1
corrupt,2,2
corruption,1,1
cosi,2,1
cosmetic,2,1
cost,6,5
costs,2,2
couch,2,1
couches,3,2
could,139,30
could've,9,6
couldn't,40,22
counseling,5,5
counselor,2,2
count,8,3
counter,2,2
countries,5,2
country,30,8
country's,2,1
counts,2,1
county,16,4
couple,69,11
coupon,4,2
coupons,2,2
courage,1,1
courier,5,3
course,36,6
courses,3,2
court,8,3
courthouse,1,1
cousin,3,1
cousins,3,3
cover,3,2
coverage,1,1
covered,1,1
cow,2,1
cowboy,1,1
cowboys,1,1
cows,2,1
cowtown,1,1
cozy,3,1
crack,1,1
cracks,2,1
crafts,1,1
crap,11,1
crawling,1,1
crazy,13,4
cream,1,1
create,1,1
creative,5,4
credit,6,3
credits,1,1
creepy,1,1
crew,3,1
crib,2,2
cried,2,2
cries,1,1
crime,9,1
crimes,3,3
criminal,2,2
criminalized,1,1
criminals,5,4
crisscrossed,1,1
critiquing,1,1
crocheting,1,1
crocker,1,1
crop,1,1
crops,1,1
crosby,1,1
cross,7,2
crossed,4,2
crotch,1,1
crowd,1,1
crowded,1,1
cruiser,1,1
crummy,2,1
crust,1,1
cry,2,1
crying,7,5
crystal,2,2
cub,1,1
cubed,1,1
cucumber,1,1
cuddling,1,1
cuisine,1,1
culture,3,1
cumulonimbus,1,1
cup,1,1
cure,1,1
curious,1,1
current,4,3
currently,1,1
curriculum,2,2
cursing,2,2
cuss,1,1
custodian,1,1
cut,15,4
cute,4,2
cutting,6,4
cycle,2,2
czech,1,1
d,46,4
d's,7,2
da,2,2
dab,2,1
dad,54,6
dad's,11,3
daddy,1,1
daddy's,2,1
daily,2,1
dakota,1,1
dallas,2,1
damage,5,4
damn,5,3
dan,1,1
dance,4,2
danced,1,1
dancers,1,1
dancing,2,2
dandy,1,1
dangerous,2,2
dare,1,1
dark,1,1
darling,3,2
darn,3,3
data,2,1
date,9,2
dated,5,4
dating,8,6
daughter,27,6
daughter's,4,1
daughters,7,3
dawn,2,1
day,116,4
daycare,6,1
daydreaming,1,1
daylight,2,2
days,25,3
dayton,4,3
dead,7,3
deads,1,1
deafness,2,1
deal,20,7
dealer,4,2
dealing,5,3
deals,1,1
dear,2,2
dearly,1,1
death,6,1
december,3,2
decent,5,2
decide,4,3
decided,20,13
decision,8,6
decisions,4,4
decisive,1,1
deck,2,1
decline,2,2
declining,1,1
decoration,1,1
decrease,1,1
deep,8,1
deer,1,1
defeat,1,1
defeated,1,1
defensive,1,1
deficit,3,2
deficits,1,1
define,1,1
defined,1,1
definite,4,4
definitely,15,14
definition,1,1
definitively,1,1
degree,10,4
degrees,1,1
delaware,4,2
delayed,1,1
delays,1,1
delegated,1,1
delete,1,1
deletes,1,1
delineated,1,1
deliver,1,1
delivered,1,1
delivery,1,1
demand,3,2
demanding,1,1
democracy,4,2
democrat,11,4
democratic,6,6
democrats,1,1
demons,1,1
demystifying,1,1
denephew,1,1
denial,1,1
denise,1,1
denomination,4,4
denominational,1,1
denominations,4,4
dentist,1,1
dentists,2,2
deny,1,1
departing,1,1
department,5,5
depending,3,3
depends,2,2
depoprovera,1,1
deported,1,1
deposit,1,1
depressed,1,1
depression,3,3
depth,1,1
desalles,2,2
describe,1,1
described,1,1
description,1,1
desegregate,1,1
desert,1,1
deserve,5,4
design,2,2
designated,3,2
designed,4,2
designer,1,1
desirable,1,1
desires,1,1
desk,6,2
destroy,1,1
destroyed,2,2
destroying,1,1
destruction,1,1
detail,2,2
details,1,1
detectors,1,1
determine,1,1
develop,1,1
developed,5,4
developers,2,2
developmental,1,1
developments,1,1
develops,1,1
deviate,1,1
deviates,1,1
devil,1,1
devil's,1,1
devon,4,2
devout,1,1
dexadrine,1,1
diagnosed,1,1
dial,1,1
dialogue,1,1
diametric,1,1
diametrically,2,2
diamond,1,1
diaper,2,1
diapers,1,1
did,198,22
didn't,226,59
die,4,1
died,5,2
diehard,1,1
dies,1,1
diet,3,2
difference,20,8
differences,2,2
different,85,31
differently,5,4
difficult,10,4
digest,3,2
digress,1,1
dime,2,1
dimensional,3,3
ding,7,5
dining,2,2
dinner,7,3
dinners,1,1
dip,1,1
diploma,3,2
direct,2,2
directed,3,3
direction,5,5
directions,2,2
directly,1,1
director,1,1
dirt,6,5
dirty,6,3
disabilities,5,5
disability,14,8
disabled,1,1
disagreement,1,1
disagreements,1,1
disappointed,1,1
discharged,2,2
discipline,3,3
disciplined,3,3
discount,2,2
discovered,2,2
discovery,1,1
discreetly,1,1
discrepancy,2,2
discriminated,1,1
discriminating,1,1
discussed,1,1
discussion,1,1
discussions,2,2
disease,1,1
dishes,3,3
dishonesty,1,1
dishwashers,1,1
dishwashing,1,1
disintegration,1,1
disk,2,1
dislike,3,1
disney,7,2
disorder,2,2
disown,1,1
dispatch,1,1
dissatisfied,1,1
distance,1,1
distinguish,1,1
distract,1,1
distracted,1,1
distractions,1,1
distribute,1,1
district,5,5
districts,5,3
distrustful,1,1
disused,1,1
ditches,2,1
diverted,1,1
divide,3,2
divided,1,1
divides,1,1
divisive,2,1
divorce,6,3
divorced,5,5
do,607,22
docket,1,1
doctor,12,3
doctorate,1,1
doctors,6,2
doctrine,1,1
dodge,1,1
doe,5,1
does,71,10
doesn't,93,47
dog,5,2
dogs,3,2
doing,116,33
dole,7,2
doll,4,1
dollar,22,12
dollars,49,21
dominance,1,1
dominant,1,1
dominate,1,1
dominion,2,1
don,1,1
don't,808,102
donation,1,1
done,80,8
doody,1,1
doogie,1,1
door,19,3
doors,2,2
doorstep,1,1
dope,3,1
dorm,1,1
dorms,2,2
dorothy,4,2
dos,1,1
dosage,1,1
dose,1,1
doses,1,1
double,2,2
doubt,4,2
doughnut,1,1
doughnuts,1,1
dover,2,1
down,196,27
downfall,1,1
downhill,2,2
downs,1,1
downsize,1,1
downstairs,4,3
downtown,8,2
downtowns,1,1
downtrodden,1,1
draft,10,3
drafted,1,1
drafts,1,1
drag,1,1
dragging,2,1
drain,2,2
draining,1,1
drastically,1,1
draw,7,2
drawn,1,1
dreading,1,1
dreamy,1,1
dress,6,1
dressed,2,2
dressing,6,5
drifting,4,2
drill,1,1
drink,4,4
drinking,6,4
drinks,1,1
drive,20,2
driven,1,1
driver,1,1
drivers,6,3
drives,1,1
driveway,2,1
driving,12,11
drooping,1,1
drop,2,2
dropped,2,2
dropping,1,1
drops,1,1
droughts,1,1
drove,3,2
droves,1,1
drowning,1,1
drug,4,2
drugs,2,2
drummers,1,1
drums,1,1
drunk,5,4
dry,2,1
dublin,9,3
ducking,1,1
dude,6,5
due,1,1
dug,2,1
duh,3,1
duluth,1,1
dumb,13,1
dumbest,1,1
dumbing,2,1
during,21,10
dusk,1,1
dust,2,1
duties,2,2
dye,1,1
dying,5,2
e,12,1
e's,1,1
each,24,2
eagle,2,1
ear,3,2
earlier,5,2
early,11,1
earned,1,1
earrings,1,1
ears,1,1
earth,3,2
ease,1,1
easier,12,5
easiest,1,1
easily,1,1
east,5,2
easter,4,1
easton,3,3
easy,14,2
eat,12,4
eater,3,2
eating,3,3
eats,2,1
ebay,1,1
ec,1,1
ed,9,2
edging,1,1
editorials,1,1
educated,5,4
education,17,15
edventure,2,2
edward,2,2
eew,1,1
effect,5,4
effectively,1,1
effects,3,2
effort,2,1
efforts,1,1
egg,2,2
egomaniac,1,1
egyptian,1,1
eh,1,1
eight,48,5
eighteen,24,5
eighth,11,4
eighty,24,5
einstein,2,2
either,36,6
elderly,2,2
elders,1,1
elected,7,5
election,10,4
elections,5,2
electric,2,2
electrical,1,1
electro,1,1
electronic,3,3
elementaries,1,1
elementary,11,7
eleven,15,10
eleventh,3,2
eliminating,2,2
elizabeth,1,1
else,57,6
else's,9,4
em,2,2
emailed,1,1
emanate,1,1
embodied,1,1
emma's,2,1
emotional,2,2
emotionally,2,2
empathy,1,1
emphasis,1,1
employed,2,2
employee,1,1
employees,1,1
employer,5,3
employers,1,1
emulate,1,1
en,1,1
enables,1,1
encourage,2,2
encouraging,1,1
end,35,9
endeavor,1,1
ended,10,10
endless,1,1
ends,3,2
enemy,4,2
energy,1,1
enforced,1,1
enforcement,4,4
engaging,1,1
engineer,4,4
engineering,10,8
engineers,2,2
engines,1,1
england,2,1
english,7,5
enigma,1,1
enjoy,4,2
enjoyable,1,1
enjoyed,4,3
enlarging,1,1
enlist,1,1
enlisted,1,1
enough,38,9
enroled,1,1
entertained,1,1
enthusiastic,1,1
entire,6,6
entirely,3,3
enunciate,1,1
envelops,1,1
environment,3,3
eon,1,1
ephraim,1,1
epidural,4,4
epidurals,1,1
equal,1,1
equalizer,1,1
equally,2,2
equals,2,1
equipment,6,6
erasers,1,1
erection,1,1
errands,1,1
error,2,2
errors,3,2
escapades,1,1
especially,14,11
essay,3,2
essays,1,1
essence,1,1
essentially,1,1
established,3,3
estimate,1,1
estimation,1,1
eugene,2,1
eurail,3,3
europe,10,5
european,2,2
euthanized,1,1
even,147,37
evening,3,2
event,2,2
eventually,15,13
ever,56,14
everett,1,1
evergreen,1,1
every,75,9
everybody,67,41
everybody's,6,6
everyday,4,2
everyone,15,8
everyone's,1,1
everything,123,52
everything's,1,1
everythings,1,1
everywhere,7,3
evidence,1,1
evident,1,1
evidently,1,1
evil,4,1
evolution,3,2
evolves,1,1
evolving,1,1
ex,5,1
exacerbate,1,1
exacerbated,1,1
exact,4,3
exactly,21,12
exaggerated,1,1
exam,2,2
example,15,8
examples,2,2
excel,1,1
excellent,1,1
except,11,8
exceptionally,1,1
exchange,5,1
exchanging,1,1
excited,1,1
exciting,2,2
excuse,9,8
excuses,3,2
executed,2,1
executives,1,1
exercise,3,3
exercises,1,1
exhaust,1,1
exhausted,1,1
exist,2,2
existed,1,1
existing,4,2
exotic,1,1
expand,4,3
expanded,1,1
expanses,1,1
expect,10,5
expectation,1,1
expectations,1,1
expected,3,2
expecting,1,1
expenses,2,2
expensive,7,6
experience,12,11
experienced,1,1
experiences,3,2
experimenting,1,1
expert,1,1
expertise,1,1
explain,10,4
explained,2,2
explaining,2,2
explicitly,1,1
exploding,1,1
explosive,1,1
expose,1,1
exposed,4,3
express,1,1
extended,1,1
extent,3,3
extra,12,9
extraneous,1,1
extraordinarily,4,4
extras,1,1
extraterrestrial,1,1
extreme,9,5
extremely,9,6
extremes,2,1
eye,4,1
eyes,8,3
eyesore,1,1
eyor,1,1
f,5,2
f's,1,1
fabric,1,1
fabrics,2,2
face,14,2
faced,2,2
facet,1,1
facilities,1,1
facility,1,1
fact,26,7
factor,1,1
factors,1,1
factory,2,2
facts,5,2
fade,1,1
fads,1,1
fail,2,1
failing,1,1
failure,1,1
faintest,2,2
fair,7,2
fairly,6,2
fairy,1,1
faith,18,3
fake,3,1
fall,9,2
fallen,2,1
falling,2,2
falls,1,1
false,2,1
fame,1,1
familiar,4,3
families,7,4
family,54,11
family's,2,2
famine,1,1
famous,1,1
fan,7,2
fanned,1,1
far,34,4
farm,9,2
farmed,3,1
farmer,4,2
farming,3,1
farms,1,1
farther,1,1
fascinated,1,1
fascinating,7,6
fashion,1,1
fashioned,3,2
fashions,1,1
fast,8,3
faster,1,1
fastest,1,1
fat,5,2
father,25,4
fatherly,4,1
fault,5,3
favor,2,1
favorite,4,3
favoritism,1,1
feast,1,1
feature,1,1
features,2,1
fed,2,2
federal,1,1
federally,1,1
fedex,2,2
feds,1,1
feeble,1,1
feed,6,2
feeding,5,3
feel,72,12
feeling,13,9
feeling's,1,1
feelings,2,2
feels,4,3
feet,10,3
fell,2,1
felt,21,9
female,2,2
femalee,3,1
feminist,1,1
fence,1,1
ferry,4,1
fertilization,1,1
few,16,2
field,12,5
fifteen,27,4
fifteenth,2,1
fifth,10,3
fifties,3,2
fifty,28,3
fight,1,1
fighting,1,1
fights,2,1
figure,25,8
figured,10,9
figures,3,3
figuring,2,2
file,3,3
filed,3,1
filing,4,2
fill,1,1
filled,1,1
fills,1,1
filter,1,1
final,6,4
finally,17,11
finances,5,5
financial,6,5
financially,2,2
find,52,7
finding,4,4
fine,17,3
finger,1,1
fingerprints,1,1
finish,4,2
finished,4,4
finishing,1,1
finite,1,1
fire,14,3
fired,3,1
fireman,1,1
firing,5,3
firm,7,2
firmly,1,1
first,86,7
fish,1,1
fishing,3,3
fit,6,2
fitting,1,1
five,129,7
fives,2,1
fix,11,1
fixes,1,1
fixing,1,1
flag,1,1
flailing,1,1
flair,1,1
flapped,1,1
flaps,2,1
flat,4,2
flatly,1,1
flaws,1,1
flew,1,1
flight,3,3
flint,1,1
flip,3,2
flipped,5,3
flipping,1,1
flips,1,1
floating,1,1
floor,10,4
floors,1,1
flow,2,1
flown,1,1
fluff,1,1
fluffy,1,1
flunk,1,1
flunked,1,1
fly,6,1
flying,6,5
focus,10,2
focused,2,2
fog,4,2
fogged,1,1
foil,1,1
fold,1,1
folks,3,2
follow,9,5
following,10,10
fondling,1,1
food,15,5
fool,2,2
fooling,1,1
foolish,1,1
foolishly,1,1
foot,7,2
football,10,6
footlocker,1,1
for,659,26
forbid,1,1
force,3,2
forced,1,1
foreclosing,1,1
foreign,14,6
forever,7,1
forfeit,1,1
forged,1,1
forget,11,6
forgetting,1,1
forgone,1,1
forgot,4,4
forgotten,1,1
forklift,2,2
form,1,1
formally,1,1
format,2,1
formative,1,1
former,4,2
forming,1,1
forms,1,1
forrest,3,2
fort,2,1
forth,6,2
forties,1,1
fortification,1,1
fortunate,1,1
fortunately,1,1
fortune,2,1
forty,34,10
forward,5,5
fought,1,1
found,30,9
foundation,2,2
founded,1,1
founder,1,1
fountain,1,1
four,79,10
fourteen,6,3
fourteenth,1,1
fourth,10,3
fox,1,1
fragment,1,1
framework,1,1
franchise,1,1
franchising,2,1
francis,2,2
frank,2,1
franklin,3,3
frankly,1,1
frats,1,1
fraud,1,1
fray,1,1
freak,2,1
freaking,1,1
freaky,1,1
fred,1,1
free,18,3
freedom,8,3
freeway,2,1
freezers,1,1
freight,1,1
french,20,3
freshman,13,8
freshman's,1,1
freshmen,2,2
friday,4,4
fridays,1,1
friend,32,10
friend's,1,1
friendlier,1,1
friends,42,9
frightening,1,1
from,218,21
front,21,5
fruit,2,2
frustrating,3,3
frustration,3,3
frustrations,1,1
fuck,1,1
fucking,1,1
full,19,3
fully,1,1
fumes,2,1
fuming,1,1
fun,29,4
functions,1,1
funded,1,1
funding,3,2
funeral,1,1
funny,17,4
furniture,1,1
further,2,1
future,3,3
g,16,1
gahanna,1,1
gain,3,1
gained,2,2
gainfully,1,1
gamble,1,1
gamblers,1,1
gambling,4,2
game,17,1
games,12,1
gap,1,1
garbage,1,1
garden,3,1
gargling,1,1
garlic,1,1
gas,5,1
gasoline,4,3
gateway,1,1
gave,15,5
gay,15,2
gays,5,1
gear,2,1
geared,3,2
gee,6,1
gender,1,1
genealogy,1,1
general,18,12
generally,11,6
generation,13,10
generations,5,5
generators,1,1
genes,2,1
genetic,3,2
gentleman,4,3
gentleman's,1,1
genuine,1,1
geography,1,1
geometry,3,3
george,4,2
georgia,6,5
german,4,2
germans,4,2
get,457,24
get's,1,1
gets,31,5
getter,1,1
getting,88,23
ghetto,2,2
giant,2,2
giants,1,1
gift,1,1
gifts,3,2
gig,1,1
gigantic,1,1
gigs,1,1
girl,34,7
girl's,1,1
girlfriend,9,5
girlfriends,3,3
girls,30,11
girly,1,1
gist,1,1
gitchy,2,1
give,53,6
given,8,4
gives,5,2
giving,16,9
glad,5,1
glass,3,1
glasses,1,1
glee,1,1
global,2,2
gloss,1,1
glow,3,3
go,509,17
goal,5,2
god,37,7
god's,1,1
godsake,1,1
goer,1,1
goes,72,15
going,187,45
gold,1,1
golden,1,1
gone,26,5
gonna,217,63
goo,1,1
good,178,21
goodies,1,1
goodness,3,3
goodnight,2,2
goody,1,1
goofy,2,1
gore,8,1
gore's,1,1
gorgeous,2,2
gosh,16,4
gospel,1,1
gossip,4,2
got,363,29
gotta,18,3
gotten,16,6
government,17,15
governor,1,1
grab,5,1
grabbed,2,2
grace,1,1
graces,1,1
grade,46,5
grader,4,2
graders,5,4
grades,7,2
grading,2,2
grads,1,1
graduate,5,4
graduated,10,10
graduating,2,2
graduation,1,1
grainery,1,1
grammar,1,1
granary,1,1
grand,1,1
grandchild,2,2
grandchildren,8,6
grandfather,7,5
grandfather's,1,1
grandma,8,7
grandma's,1,1
grandmother,7,3
grandmother's,2,2
grandpa,1,1
grandparent,1,1
grandparent's,1,1
grandparents,2,2
grandparents',1,1
grandson,1,1
grant,1,1
granted,1,1
grape,1,1
grapes,1,1
grass,1,1
great,37,6
greater,4,2
greatest,3,2
green,5,1
greg,2,1
grew,15,5
griffin,1,1
grill,1,1
grilled,2,1
grocery,5,4
ground,5,3
grounded,1,1
grounding,1,1
group,18,3
groupie,1,1
groups,5,2
grow,11,4
growing,11,7
grown,10,2
growth,2,1
guarantee,3,3
guard,1,1
guardian,1,1
guards,1,1
guess,67,7
guessing,2,1
guiding,1,1
guilt,2,1
guilty,4,2
gum,3,2
gump,3,3
gums,1,1
gun,15,1
gung,1,1
guns,17,3
gut,3,2
guy,57,5
guys,35,6
guys',1,1
gymnastics,1,1
h,15,2
ha,2,1
habit,1,1
habitat,1,1
habits,2,1
had,388,32
hadn't,11,8
hadnt,1,1
hafta,66,19
hail,1,1
hair,9,1
half,36,6
hall,6,2
halls,2,2
hallway,1,1
hallways,1,1
ham,3,1
hammer,1,1
hamper,3,2
hand,23,6
handcuffs,2,2
handed,4,3
handful,1,1
handle,6,3
handled,1,1
handles,1,1
hands,9,5
hang,7,3
hanging,3,3
happen,37,12
happened,15,8
happening,5,3
happens,12,6
happenstance,2,2
happier,2,1
happy,7,1
harassment,1,1
harbor,1,1
hard,47,8
hardened,1,1
harder,2,1
hardest,5,3
harding,2,2
hardline,3,1
hardly,5,4
hardware,7,2
harm,2,2
harold,1,1
harriet,2,2
harry,1,1
has,141,18
hasn't,13,12
hasta,4,3
hate,19,4
hated,4,4
hates,2,1
hatfield,1,1
haul,1,1
have,756,50
have've,1,1
haven't,45,31
having,51,22
hawaii,1,1
hayes,2,1
hazard,1,1
hazards,2,2
haze,1,1
hazel,1,1
he,675,17
he'd,18,5
he'll,17,5
he's,214,18
head,13,3
headaches,2,2
headed,2,1
heading,1,1
headphones,3,2
headquarters,1,1
heads,3,3
healed,1,1
healing,2,2
health,5,2
healthcare,1,1
healthy,1,1
hear,26,4
heard,32,7
hearing,6,3
hears,1,1
heart,5,3
heart's,1,1
hearts,2,1
heat,1,1
heating,1,1
heaven,2,2
heavy,7,1
heck,10,2
heidi,1,1
height,1,1
helicopters,1,1
hell,17,5
hell's,2,2
hello,2,1
help,62,5
helped,8,6
helpful,4,3
helping,6,5
helps,5,2
hemisphere,1,1
hemispheres,1,1
henderson,2,1
henry,6,1
her,243,12
her's,1,1
herb,1,1
herbs,3,2
herding,1,1
herds,1,1
here,162,13
here's,13,3
heretic,1,1
heroes,1,1
hers,2,1
herself,7,4
hesitate,2,1
hey,24,6
hi,6,1
hid,1,1
hide,1,1
hieroglyphics,1,1
high,77,2
higher,13,2
highest,3,2
highlights,1,1
highschool,3,3
highway,2,1
hiked,1,1
hikes,1,1
hilarious,2,2
hill,2,1
hilliard,3,1
him,242,16
himself,8,5
hindsight,2,2
hints,1,1
hips,1,1
hire,5,2
hired,5,5
his,174,20
history,5,2
hit,23,4
hitched,1,1
hitler,1,1
hits,1,1
hitting,2,1
hm,18,6
hmm,2,2
ho,1,1
hockey,4,1
hold,6,4
holding,3,3
hole,7,3
holes,3,2
holiday,1,1
holidays,2,2
holland,1,1
hollering,1,1
holy,2,1
home,106,5
homeless,3,1
homes,1,1
homestead,2,1
homesteaded,2,2
homesteaders,1,1
homework,3,1
homosexual,3,3
homosexuals,5,5
hon,2,1
honest,10,9
honestly,5,5
honors,3,3
hood,2,2
hoods,1,1
hook,2,1
hookers,1,1
hoosier,1,1
hop,4,1
hope,21,3
hopefully,6,6
hopes,1,1
hoping,6,4
hormones,2,1
horns,1,1
horrible,9,5
horribly,3,3
horse,4,1
hospital,14,7
hospitality,1,1
hospitals,1,1
hot,6,2
hotel,1,1
hotter,1,1
hounding,1,1
hour,14,5
hours,22,5
house,56,4
housed,1,1
household,1,1
houses,12,5
housewife,1,1
housewifey,1,1
housing,1,1
how,168,13
how'd,2,1
how's,3,1
howdy,1,1
however,3,2
howitzers,1,1
howser,1,1
hug,1,1
huge,7,1
huh,35,6
huh-uh,1,1
hum,45,6
hum-um,2,1
human,10,5
hundred,58,26
hung,6,2
hungary,2,1
hungry,3,1
hunt,1,1
hunter,1,1
hunting,1,1
huntingdon,1,1
hunts,2,1
hurt,10,6
hurting,1,1
hurts,3,3
husband,14,7
husband's,1,1
husbands,2,1
hustle,3,2
hyde,2,1
hymnal,1,1
hype,2,1
hyper,4,1
hyperactive,2,2
hyperness,1,1
hypo,1,1
i,4722,56
i'd,75,19
i'll,79,14
i'm,517,40
i's,5,2
i've,204,24
icing,2,1
idea,13,4
ideal,5,3
idealistic,2,2
ideals,3,2
ideas,6,2
identification,1,1
identify,1,1
idiot,1,1
if,458,30
iffy,1,1
ignore,3,1
iis,1,1
ill,4,1
illegal,1,1
illiterate,1,1
illness,2,2
illusion,1,1
ima,2,1
image,7,5
imagination,2,2
imagine,8,6
imbalance,2,2
immature,1,1
immediate,2,2
immediately,2,2
immense,1,1
immigration,1,1
immune,1,1
impact,3,1
impatient,4,4
impeached,2,2
impeachment,1,1
impediment,1,1
impersonal,1,1
implant,1,1
implanted,1,1
implications,1,1
implying,1,1
importance,1,1
important,23,17
impress,1,1
impression,2,2
impressions,1,1
improve,1,1
improvement,1,1
improvements,1,1
in,1394,61
inability,1,1
inanity,1,1
incapable,1,1
incarnations,1,1
incentives,1,1
inch,2,2
incident,1,1
inclined,1,1
included,1,1
includes,2,2
including,3,3
income,4,3
incomes,2,2
incorrect,1,1
increase,4,4
increased,1,1
increasing,1,1
incredible,3,3
incredibly,4,2
indeed,1,1
independent,4,4
index,2,1
indian,2,2
indiana,4,2
indianola,3,3
indians,3,3
indifferent,1,1
indigenous,1,1
individual,6,6
induced,1,1
industrialized,1,1
industries,1,1
industrious,2,2
industry,2,2
infantry,2,2
influence,17,11
influenced,4,4
influences,3,2
influential,1,1
influx,1,1
infomercials,1,1
information,10,9
informed,1,1
inherit,1,1
inherited,1,1
initial,1,1
initially,1,1
injection,1,1
injured,1,1
injuries,1,1
injury,7,4
inner,4,2
innocent,4,4
input,1,1
ins,1,1
insane,3,1
insanity,2,2
insecure,6,3
inside,8,3
insider,1,1
insight,1,1
inspector,2,2
inspiration,1,1
inspired,2,2
install,2,2
installed,1,1
instead,26,17
instill,1,1
instincts,1,1
institutionalized,2,2
instruction,1,1
instructor,1,1
insulation,1,1
insult,2,2
insurance,6,3
intellect,2,2
intellectual,1,1
intelligence,3,3
intelligent,4,4
intense,1,1
intensely,1,1
intent,1,1
intentional,2,2
inter,1,1
interact,1,1
interactive,2,2
intercom,1,1
interest,2,2
interested,9,9
interesting,24,15
interests,1,1
interference,2,2
interior,1,1
intern,3,1
internet,9,7
interpreted,1,1
interview,4,4
interviewed,2,2
interviewing,2,2
interviews,1,1
into,117,35
introduced,3,3
introduction,2,2
introductory,2,2
introvertal,2,1
invested,1,1
investigator,1,1
investment,1,1
investments,1,1
invincible,1,1
inviting,1,1
involve,1,1
involved,12,10
involvement,1,1
involves,1,1
iowa,6,1
ireland,4,4
ironically,1,1
irresponsible,1,1
irreversible,1,1
irrigation,1,1
irritates,1,1
is,665,25
island,4,2
islands,1,1
isn't,27,15
issue,21,3
issues,20,4
it,1578,80
it'd,13,10
it'll,7,5
it's,849,37
italy,8,5
its,2,2
itself,3,3
ivy,1,1
ixnay,1,1
izod,2,2
j,3,2
jab,1,1
jacket,2,1
jackets,1,1
jackson,3,3
jacob,1,1
jacob's,1,1
jail,3,1
jalena,4,4
jam,1,1
jamaica,1,1
james,1,1
jamilia,1,1
jane,4,2
janelle,2,1
janet,9,6
january,9,6
japan,2,1
jared,1,1
jars,1,1
jason,8,6
jason's,3,3
jasper,1,1
jedd,3,2
jeep,2,2
jefferson,1,1
jeffersons,2,2
jello,5,1
jelly,2,1
jennifer,1,1
jerry,7,2
jersey,5,1
jesse,1,1
jessie,2,1
jesus,3,2
jets,1,1
jewelry,1,1
jigsaw,1,1
joanne,1,1
job,54,7
jobless,1,1
jobs,12,2
jock,1,1
jocks,1,1
joe,2,2
john,11,2
johnnie,1,1
johnnie's,1,1
johnny,2,1
join,1,1
joined,3,1
joke,3,1
jokes,3,1
joking,1,1
jokingly,1,1
joy,1,1
joyce,3,1
jubilee,1,1
judge,5,2
judges,4,1
judgment,1,1
juicy,1,1
julie,2,1
juliet,4,2
july,3,1
jumble,1,1
jump,3,2
jumped,2,2
june,6,1
junior,6,2
junk,3,1
juries,1,1
jurisdiction,1,1
jury,6,3
just,818,73
justice,3,3
justices,2,1
k,4,1
karaoke,1,1
keep,49,4
keeping,3,2
keeps,7,3
kenisha,1,1
kennedy,4,4
kennel,5,2
kent,2,1
kentucky,3,2
kenyon,1,1
kept,15,2
kernel,1,1
key,4,1
kick,2,1
kicked,3,2
kicking,1,1
kid,70,6
kid's,5,2
kidding,4,3
kids,216,10
kids',2,1
kids'll,1,1
kilbourne,1,1
kill,5,2
killed,8,2
killer,1,1
killing,4,3
kills,1,1
kind,165,26
kinda,12,6
kindergarten,11,6
kindergarteners,2,2
kindness,2,2
kinds,7,5
king,2,1
kirkwood,2,1
kiss,1,1
kitchen,4,4
kitchens,1,1
knee,4,1
knees,2,1
knew,24,2
knife,1,1
knitting,1,1
knives,1,1
knob,1,1
knock,1,1
knocked,2,1
knocking,2,2
know,503,20
knowing,14,8
knowledge,7,3
known,9,1
knows,12,5
kroger's,1,1
l,10,2
la,3,2
lab,1,1
label,1,1
labeled,1,1
labeling,1,1
labor,5,1
laborers,1,1
lack,5,1
lacking,1,1
ladder,1,1
ladies,5,3
lady,7,3
lag,1,1
lagged,1,1
laid,5,2
lake,2,1
lakes,1,1
lamaze,4,2
lamb,1,1
land,18,8
landed,1,1
landing,1,1
landlord,1,1
lane,1,1
language,17,3
languages,3,3
lard,1,1
large,5,1
larger,2,1
largest,3,3
larry,2,1
lash,1,1
lashuka,1,1
lassie,2,1
lassie's,1,1
last,46,5
lasted,2,1
lasts,1,1
latchkey,1,1
late,5,3
lately,1,1
later,21,5
latter,1,1
laugh,2,1
laughing,5,2
law,26,1
lawn,1,1
laws,7,1
lawsuit,5,1
lawsuits,2,1
lawyer,2,1
lawyers,4,1
lay,2,1
laying,1,1
laymen,2,1
layovers,1,1
lazarus,4,4
lazenby,1,1
lazy,7,1
lead,2,1
leader,1,1
leaders,3,2
leadership,1,1
leading,2,2
league,3,2
leaking,1,1
leaning,1,1
learn,30,4
learned,19,6
learner,1,1
learning,25,9
learns,1,1
learnt,1,1
lease,3,1
least,18,3
leave,16,1
leaves,5,2
leaving,4,3
lecture,1,1
led,2,1
left,31,5
leg,1,1
legal,12,4
legitimate,1,1
legitimately,2,2
legs,1,1
lemon,2,1
lemonjello,2,1
lesbian,1,1
lesbians,2,2
less,14,1
lesson,1,1
lessons,1,1
let,53,10
let's,23,6
lethal,1,1
lets,15,6
letter,6,2
letters,1,1
letting,5,3
level,16,5
levels,4,4
leveque,1,1
levies,2,1
levy,15,2
liar,1,1
libbing,1,1
liberal,7,4
liberals,1,1
librarian,1,1
libraries,1,1
library,8,6
license,4,2
licking,2,1
lid,1,1
lie,4,2
lieutenant,4,4
life,77,3
lifelong,4,1
lifespan,1,1
lifetime,3,1
lifts,1,1
light,2,2
lighting,1,1
lightly,1,1
lightning,3,2
lights,8,2
like,1131,43
liked,13,3
likely,3,1
likes,12,3
liking,2,2
limit,2,2
limitation,1,1
limitations,2,2
limited,5,5
limits,3,3
linda,1,1
line,19,5
lined,2,2
lines,8,3
lint,1,1
linux,2,2
lipstick,2,1
list,24,5
listen,11,5
listened,1,1
listening,10,6
listing,3,1
lists,1,1
literate,1,1
literature,2,2
litmus,2,2
little,165,31
live,71,6
lived,39,5
lives,20,6
living,33,13
loaded,2,2
loan,2,1
local,2,2
locate,1,1
located,1,1
locates,1,1
location,2,1
lock,2,1
locked,1,1
locker,8,1
lockers,1,1
logic,2,1
logical,2,1
london,2,2
long,64,5
longer,5,3
look,87,10
looked,12,6
looking,32,14
looks,24,6
loop,1,1
loops,1,1
lord,1,1
lose,5,4
loses,1,1
loss,1,1
lost,16,2
lot,214,14
lots,11,2
lottery,7,4
lou,1,1
loud,8,4
louis,5,3
love,53,3
loved,8,4
loves,5,4
loving,4,1
low,4,1
lower,7,2
luck,1,1
lucky,7,1
lunch,14,2
lunches,2,1
luxuries,1,1
luxury,2,2
m,14,4
ma'am,6,2
mac,1,1
macaroni,1,1
machine,7,4
machinery,3,2
machines,1,1
macho,1,1
macintosh,1,1
macintosh'll,1,1
mackenzie,1,1
mad,9,2
made,46,8
magazine,3,3
magazines,6,3
maggots,1,1
magic,3,2
magnetism,1,1
mail,3,3
mailed,1,1
main,12,2
mainly,10,2
mainstay,1,1
mainstream,1,1
maintenance,1,1
major,11,2
majoring,1,1
majority,7,7
make,127,7
makers,1,1
makes,28,2
making,25,7
malarkey,1,1
male,3,1
mall,13,3
mall's,1,1
malls,2,1
man,75,15
man's,2,2
managed,2,2
management,1,1
manager,1,1
mandy,1,1
manipulate,3,3
manipulating,2,2
manipulatives,1,1
manmade,1,1
manner,2,2
manners,2,2
mansfield,19,15
mansfield's,1,1
manufacturer,2,2
manufacturing,1,1
manwich,2,2
many,67,15
map,2,1
march,7,2
marched,1,1
marching,2,1
margin,2,2
mark,3,1
marked,3,3
market,4,4
marketing,6,6
marriage,5,2
married,31,7
marries,1,1
marry,3,1
martha,2,1
martha'll,1,1
mary,2,1
mary'd,1,1
mary's,1,1
maryland,1,1
mashed,1,1
masks,1,1
mass,5,1
massage,1,1
massive,1,1
masters,9,6
mat,1,1
match,1,1
material,2,2
math,16,2
mathematical,1,1
mathematically,1,1
mathematics,3,2
matriarchy,1,1
matrimony,1,1
matter,24,7
matters,4,2
matthew,3,2
mature,2,2
matured,1,1
maturity,1,1
mauldin,1,1
maverick,1,1
may,20,2
maybe,122,13
mayor,4,1
mcdonald's,4,4
mcgovern,2,2
mcguffey,1,1
me,417,20
meal,1,1
mean,431,30
meaning,4,3
meaningless,1,1
means,16,3
meant,5,4
meantime,1,1
meanwhile,1,1
meat,2,2
mechanical,1,1
medal,1,1
medals,1,1
media,9,5
medication,5,4
medications,1,1
medicine,3,3
medics,1,1
mediocre,1,1
meditating,1,1
mediterranean,1,1
meds,1,1
meet,6,3
meeting,5,3
meetings,2,2
meets,1,1
meg,1,1
megan,3,3
meijer,9,3
melted,1,1
member,3,2
members,3,2
memo,1,1
memories,3,2
men,29,7
men's,1,1
mental,5,3
mentality,1,1
mentally,2,2
mention,3,3
mentioned,4,3
mentor,1,1
menu,1,1
merrily,1,1
mess,5,1
messed,2,1
messing,2,2
met,17,6
metal,3,3
metaphysics,1,1
methodical,1,1
metro,1,1
mexican,2,2
mexicans,1,1
mice,1,1
michelle,1,1
micron,2,1
microsoft,7,6
microwave,4,2
middle,45,15
midnight,1,1
midterm,1,1
might,56,14
might've,2,2
mike,3,2
mile,7,6
miles,16,8
military,5,3
milk,7,2
milked,1,1
millennium,1,1
million,14,13
millionaire,2,2
millionaires,1,1
millions,3,3
mind,25,4
minded,1,1
mindless,1,1
minds,4,3
mindset,2,2
mine,15,3
mine's,1,1
mini,2,1
miniature,2,1
minimize,1,1
minimum,4,3
miniscule,1,1
minister,1,1
minor,2,2
minority,5,5
minute,10,9
minutes,17,12
miraculous,1,1
mirror,6,4
miscellaneous,3,3
miserable,2,2
miss,7,1
missed,5,3
misses,2,1
missing,1,1
missouri,2,2
misspells,1,1
mist,1,1
mistake,6,2
mistakes,2,2
mister,5,3
mitzvah,1,1
mixed,2,1
mixture,2,1
mm,11,2
mm-hmm,15,4
mmm,1,1
moaning,1,1
mobilize,1,1
mobilized,1,1
mock,2,1
models,1,1
moderate,5,5
moderated,4,4
moderates,2,2
moderating,1,1
modify,2,1
molesting,1,1
mom,79,8
mom's,7,3
moment,2,2
mommy,10,3
moms,5,1
monday,10,3
monetarily,2,2
monetary,1,1
money,110,15
money's,2,1
mongers,1,1
monitor,1,1
monkey,1,1
montana,1,1
montgomery's,2,2
month,10,1
monthly,1,1
months,31,5
moral,4,1
morally,2,2
morals,2,2
more,186,14
morning,25,15
mornings,1,1
morons,1,1
morse,2,1
moss,1,1
most,96,9
mostly,12,5
mother,42,4
mother's,2,2
mothers,1,1
motivated,3,3
motivation,1,1
motivational,1,1
mount,1,1
mountain,5,3
mountains,2,1
mouth,4,2
move,30,4
moved,37,8
movement,3,3
movements,1,1
movers,1,1
moves,2,2
movie,11,4
movies,5,2
moving,18,8
mowing,2,2
mrs,1,1
much,167,8
muchos,1,1
muggings,1,1
multi,1,1
multimillion,1,1
multiple,1,1
multiply,1,1
munich,1,1
murder,7,2
murdered,2,1
murderers,1,1
murders,5,3
murker,2,1
music,14,6
musically,1,1
musicians,1,1
mussolini,1,1
must,16,3
mustiness,1,1
mutual,2,2
my,779,26
myrtle,1,1
myself,34,9
n,11,3
n's,1,1
nah,2,1
name,51,3
named,9,2
names,15,3
nap,1,1
naples,2,2
nasty,3,2
nation,3,3
national,6,4
nationwide,1,1
native,1,1
natural,4,4
nature,9,3
naval,2,2
navy,1,1
nazareth,2,2
near,8,4
nearest,2,2
nearing,1,1
nearly,3,1
neat,8,3
neater,1,1
necessarily,14,9
necessary,1,1
necessities,2,1
necessity,2,1
neck,3,1
necklace,3,3
need,91,10
needed,12,7
needle,1,1
needles,2,1
needless,2,2
needs,11,3
negative,8,3
negatives,4,3
neglected,1,1
neglecting,3,3
negligence,1,1
negotiated,1,1
neighbor,7,3
neighborhood,11,7
neighborhoods,1,1
neighbors,6,1
neither,3,3
nephew,1,1
nephew's,1,1
nerve,1,1
nervous,1,1
netherlands,1,1
netstock,3,2
network,2,1
neurologist,1,1
neurosurgeon,1,1
nevada,1,1
never,105,16
new,47,6
newer,1,1
news,10,2
newscast,1,1
newspaper,1,1
newspapers,1,1
next,31,4
niagara,1,1
nice,50,6
nicely,2,1
nickel,1,1
niece,3,1
nifty,1,1
night,41,8
nights,9,1
nighttime,1,1
nike,1,1
nine,34,5
nine's,1,1
nineteen,22,5
nineties,4,4
ninety,31,9
ninja,1,1
nintendo,1,1
ninth,7,2
no,287,13
nobody,18,11
nobody's,6,3
noise,6,4
noisy,1,1
nominate,2,1
nomination,4,2
nominee,1,1
non,2,1
nonchalantly,1,1
none,9,4
nonflammable,1,1
noon,2,2
nope,4,1
norm,1,1
normal,14,6
normally,7,5
north,34,5
northeast,1,1
northern,1,1
northland,14,7
northland's,1,1
nose,2,2
not,543,37
notch,2,1
notches,1,1
note,1,1
notebook,1,1
notebooks,3,3
notes,5,1
nothing,41,14
notice,7,3
noticed,6,5
notices,1,1
noun,1,1
november,3,1
now,256,14
nowadays,6,3
nowhere,2,1
nullified,1,1
nullify,1,1
number,21,4
numbers,13,3
nurse,5,1
nursery,1,1
nurses,1,1
nursing,1,1
nuts,5,1
o,34,4
o'clock,21,5
o'hare,1,1
o'neil,1,1
o's,1,1
oasis,1,1
objective,1,1
objectives,3,2
obligation,1,1
obnoxious,1,1
obscenely,1,1
observation,4,4
observations,1,1
observe,1,1
observer,2,2
obviously,8,7
occasion,1,1
occasionally,1,1
occur,2,1
occurred,3,3
ocean,2,2
october,2,2
october's,1,1
odd,3,2
of,1584,62
off,119,6
offense,1,1
offensive,1,1
offer,2,2
offered,1,1
offering,1,1
office,17,2
officers,2,1
offices,1,1
offspring,1,1
often,12,8
ogre,2,1
oh,294,19
ohio,45,15
ohio's,1,1
oil,1,1
ok,1,1
okay,98,22
oklahoma,5,3
old,73,11
older,41,11
oldest,26,17
olentangy,3,2
olive,3,1
olympic,1,1
omelet,3,2
on,580,43
once,54,11
one,486,29
one's,5,3
ones,25,4
oneself,1,1
only,69,18
onto,3,3
oops,2,1
open,22,8
opened,3,2
opening,5,5
openings,1,1
opens,1,1
opera,2,2
operate,1,1
operating,7,4
operations,2,2
opinion,20,13
opinions,10,7
opportunities,1,1
opportunity,3,3
opposed,8,2
opposite,7,6
opposition,1,1
oprah,2,2
oprah's,1,1
optimism,1,1
options,3,2
or,633,25
orange,4,4
orangello,2,1
order,8,6
ordered,1,1
ordinance,2,2
ordinances,1,1
ordinary,1,1
oregon,10,3
organ,1,1
organic,2,2
organization,2,2
organized,1,1
organizing,1,1
orientation,5,4
oriented,2,2
original,5,5
originally,4,4
orrin,3,3
other,188,15
other's,1,1
others,5,1
otherwise,3,3
otterbein,1,1
ought,4,2
oughta,1,1
ounce,1,1
our,111,9
ours,5,2
ourselves,4,3
out,521,26
outer,2,2
outfit,2,1
outfits,1,1
outlandish,1,1
outline,2,2
outlook,1,1
outpatient,1,1
outrageous,1,1
outside,12,7
outspoken,1,1
outstanding,1,1
oval,1,1
oven,2,1
over,168,26
overall,1,1
overcome,1,1
overdosed,2,2
overdosing,2,2
overflowed,1,1
overhead,2,1
overnight,3,3
overpowering,1,1
overpriced,1,1
overrule,1,1
overs,1,1
overseas,4,4
overt,1,1
overtly,1,1
overweight,1,1
overwhelmed,1,1
owed,1,1
owensboro,1,1
owes,1,1
own,43,6
owned,2,2
owning,1,1
owns,2,2
p,18,1
p's,1,1
pace,1,1
pack,3,1
package,1,1
packers,1,1
packing,1,1
paddle,1,1
paddled,1,1
page,4,1
pager,1,1
pages,2,2
paid,16,2
pain,12,2
painted,2,2
painting,3,2
pair,2,1
palm,1,1
palsy,1,1
pamper,1,1
pancake,1,1
pancakes,1,1
panel,2,2
panic,1,1
pansy,1,1
pants,5,2
paper,22,4
paper's,1,1
papers,8,3
paragraph,5,1
paragraph's,1,1
paragraphs,2,1
parakeet,3,3
paralegal,1,1
parameters,2,2
pardon,3,3
parent,11,9
parent's,1,1
parenting,4,3
parents,39,17
parents',1,1
paris,1,1
park,9,1
park's,1,1
parked,2,2
parking,2,2
parsley,1,1
part,56,10
partake,1,1
partem,1,1
participate,6,6
participated,1,1
particular,6,5
particularly,5,5
partied,1,1
parties,1,1
partition,2,2
partitioned,1,1
partitioning,1,1
partly,1,1
partner,2,2
parts,3,2
party,14,4
partying,2,1
pass,22,1
passed,18,3
passes,1,1
passing,1,1
past,5,2
pastime,1,1
pastor,1,1
patent,1,1
path,1,1
patients,2,2
patio,1,1
pattern,3,2
patterns,1,1
paul,4,1
pay,46,4
paying,6,3
payment,2,1
payments,1,1
pays,3,1
peace,4,1
peanut,3,1
pearl,2,2
peasant,1,1
peek,2,1
peeling,1,1
pemberton,2,1
penal,1,1
penalties,1,1
penalty,5,3
pencil,3,2
pendulum,2,2
penney's,1,1
penneys,3,1
pennsylvania,1,1
penny's,1,1
pent,1,1
pentagon,1,1
people,431,42
people'd,1,1
people'll,1,1
people's,5,3
people've,1,1
peppers,2,2
per,6,1
percent,31,17
percentage,2,2
perception,1,1
perfect,13,8
perfectly,4,4
perform,1,1
performance,1,1
performing,1,1
perhaps,3,2
period,16,11
periodically,1,1
peripheral,1,1
permanent,1,1
person,60,22
person's,2,1
personal,14,9
personality,7,6
personally,3,3
persons,1,1
perspective,1,1
persuade,1,1
persuasive,1,1
pertains,1,1
pessimistic,1,1
pet,4,3
pete,2,2
pets,3,2
phase,1,1
phased,1,1
phasing,2,2
phenomenons,1,1
philosophy,3,2
phone,16,6
phones,1,1
photo,1,1
phraseology,1,1
physical,10,4
physically,3,2
physicals,1,1
physics,2,2
pick,16,1
picked,12,1
picking,1,1
picky,1,1
picture,10,4
pictures,1,1
picturing,1,1
pie,6,1
piece,4,1
pieces,5,2
piercings,1,1
piglet,1,1
pill,4,1
pills,3,2
pilot,5,4
pilots,3,3
pin,1,1
pine,2,1
pioneer,1,1
piper,1,1
pissed,6,3
pizza,1,1
place,50,5
placed,1,1
placement,1,1
places,20,5
plain,2,2
plan,4,2
plane,4,2
planes,2,1
planet,6,6
planned,1,1
planning,3,3
plant,2,1
plants,1,1
plates,1,1
play,33,1
played,7,2
player,4,2
players,3,3
playground,2,1
playing,11,5
playmates,1,1
plays,6,1
plea,5,1
please,4,1
plenty,9,7
plop,1,1
plugged,2,1
plus,14,4
pocket,2,2
poem,1,1
poems,3,2
poetry,2,2
point,25,6
points,4,2
poke,1,1
pokemon,2,1
polaris,8,6
poles,2,1
police,12,2
policeman,1,1
political,7,6
politician,2,2
politicians,7,4
politics,10,2
polls,6,2
pooh,1,1
pool,6,2
poor,11,3
poories,1,1
popcorn,1,1
popping,1,1
popular,3,3
populated,1,1
population,14,8
population's,1,1
pork,2,1
port,8,5
portland,1,1
portraying,1,1
position,12,8
positions,3,3
positive,5,5
positives,1,1
possessed,1,1
possession,1,1
possibilities,1,1
possibility,1,1
possible,6,3
possibly,4,4
post,3,3
postpone,1,1
postponed,4,3
postponing,1,1
pot,1,1
potatoes,1,1
potential,4,4
potheads,1,1
pound,1,1
pounds,3,2
pour,1,1
poverty,3,2
pow,1,1
power,3,1
powers,2,1
practically,3,2
practice,4,2
practiced,1,1
practicing,1,1
prague,2,1
praise,2,1
pray,4,1
prayer,3,1
praying,1,1
pre,2,1
preacher,1,1
precinct,4,2
precincts,1,1
predictions,1,1
predicts,1,1
predominantly,2,2
prefer,3,3
preference,1,1
preferred,1,1
pregnancy,3,3
pregnant,17,13
prejudice,1,1
prejudiced,2,1
preliminary,1,1
premises,1,1
prep,2,1
prepare,1,1
preparing,1,1
preppy,1,1
prerequisite,1,1
prerequisites,1,1
preschool,3,1
presence,1,1
present,1,1
presenting,1,1
presents,3,3
preservative,1,1
presidency,1,1
president,11,10
presidential,1,1
press,2,1
pressed,1,1
pressure,1,1
pretend,2,2
pretty,119,19
prevail,1,1
prevented,1,1
previous,2,2
previously,1,1
price,7,1
prices,2,2
priest,3,1
priests,2,2
primaries,2,1
primarily,1,1
primary,1,1
prime,1,1
principal,6,6
principles,2,2
print,1,1
printer,1,1
printers,1,1
prior,1,1
prioritization,1,1
prison,3,2
private,7,5
privileges,2,2
pro,4,1
probably,132,50
probation,1,1
problem,47,15
problems,27,15
procedure,2,2
proceeded,2,2
process,8,4
processing,1,1
procreation,1,1
produce,4,2
producing,1,1
product,3,3
production,1,1
products,1,1
profanity,4,4
professional,1,1
professor,2,2
proficiency,5,4
profile,1,1
profound,1,1
program,18,9
programs,18,10
progressively,1,1
project,3,1
projects,2,2
prominent,1,1
promises,2,2
promising,1,1
promotion,1,1
prompts,1,1
proofread,1,1
prop,1,1
propagating,1,1
properly,1,1
proportion,1,1
pros,1,1
prospects,1,1
protect,9,3
protecting,2,1
protection,1,1
protest,2,2
protestant,2,2
protesting,1,1
protocol,2,2
proud,5,2
prove,4,1
proved,3,2
proven,1,1
provide,3,3
province,2,2
pseudo,2,2
psychological,1,1
psychologically,1,1
psychologist,3,3
psychology,2,1
public,30,16
public's,1,1
publicity,1,1
publicized,1,1
publicizing,1,1
publics,1,1
published,1,1
publishing,2,2
puck,1,1
pudding,1,1
puke,1,1
puked,1,1
puking,1,1
pull,10,3
pulled,2,1
pulling,2,2
pulls,4,2
pulse,1,1
pump,1,1
pumps,1,1
punch,1,1
punched,1,1
punishment,4,4
purchasing,1,1
purdue,1,1
pure,1,1
purpose,1,1
pursue,1,1
push,4,1
pushed,10,4
pushing,2,2
pushups,1,1
pushy,1,1
put,117,14
puts,3,2
putting,16,10
puzzle,1,1
puzzles,3,2
q,10,2
q's,2,1
qualified,2,2
qualify,3,2
quality,1,1
quarter,11,6
quarterbacks,1,1
quarters,3,2
quasi,1,1
queen,2,1
question,17,10
questions,13,11
quick,2,1
quickly,1,1
quiet,3,2
quietly,1,1
quit,7,5
quite,18,6
quitting,1,1
quote,3,1
quoting,1,1
r,11,3
race,4,3
rachel,2,2
racism,1,1
racist,6,3
racketeering,1,1
rackets,1,1
racking,1,1
radio,8,4
radius,2,2
rafael's,1,1
rage,1,1
ragged,1,1
rail,2,2
railroad,1,1
rain,7,1
raining,3,2
rains,2,2
rainstorm,1,1
raise,16,3
raised,20,6
raising,7,4
raking,1,1
rally,1,1
ram,1,1
ramming,1,1
ramp,1,1
rampant,1,1
ran,18,5
range,5,1
ranting,1,1
rarely,1,1
rat,1,1
rate,5,3
rather,15,7
rating,2,2
ratings,2,2
rationale,1,1
raving,1,1
ravioli,1,1
reach,5,1
reached,2,2
reaching,1,1
reacted,1,1
read,43,7
reader,3,2
reader's,2,1
readers,1,1
reading,20,12
reads,4,2
ready,21,5
reagan,3,2
real,75,15
realities,1,1
reality,4,4
realization,1,1
realize,8,5
realized,6,6
realizes,1,1
realizing,1,1
really,416,48
realm,2,2
rear,1,1
rearrange,1,1
reason,24,7
reasonable,3,3
reasoning,1,1
reasons,5,4
rebel,1,1
rebellion,2,1
rebellious,1,1
rebuild,1,1
receive,1,1
recent,2,2
recently,2,2
receptionist,2,2
receptive,3,2
recipe,3,2
recipes,2,1
recited,1,1
recognize,3,3
recollection,1,1
recommend,1,1
reconnals,1,1
record,4,1
recorded,2,2
recovery,1,1
recreation,1,1
red,4,1
reddenmacher,1,1
redemption,2,2
redirected,1,1
redmond,1,1
redo,1,1
reds,2,2
reduced,1,1
reelect,1,1
reelected,1,1
refer,2,2
reference,1,1
refers,1,1
reflect,1,1
reformatory,1,1
refresher,1,1
refused,1,1
regardless,1,1
region,2,2
regions,1,1
register,5,5
registered,4,3
regrets,1,1
regular,12,7
regularly,2,2
regulations,1,1
rehabilitation,1,1
reincarnation,1,1
relate,2,2
related,4,4
relations,1,1
relationship,5,5
relationships,2,1
relatively,1,1
relativity,1,1
relax,2,1
relaxed,1,1
release,3,1
released,1,1
relevance,3,2
relieve,1,1
religion,11,9
religion's,1,1
religions,1,1
religious,7,3
reload,2,2
relocated,1,1
rely,1,1
relying,1,1
remaining,1,1
remains,1,1
remarkably,1,1
remedial,1,1
remember,44,24
remind,2,2
reminded,3,3
reminds,2,2
remodel,1,1
remodeling,1,1
remove,2,2
rent,6,5
repaired,2,1
repealed,1,1
repeating,2,2
repent,1,1
replace,1,1
replaced,1,1
report,2,2
reports,2,2
representatives,1,1
represented,2,2
representing,1,1
republic,1,1
republican,13,11
republicans,5,4
reputation,1,1
required,1,1
requirement,2,2
requires,1,1
requiring,1,1
research,3,1
resell,2,1
reselling,1,1
resentment,1,1
reserve,1,1
reserves,1,1
residence,1,1
residency,1,1
resist,1,1
resolved,1,1
resource,2,2
respect,5,4
respectful,1,1
respecting,1,1
respective,1,1
respond,4,3
responding,1,1
responsibilities,1,1
responsibility,8,8
responsible,4,4
rest,13,3
restaurant,6,6
restaurants,3,3
restrictions,1,1
result,3,3
resulting,1,1
resume,1,1
retake,1,1
retardation,1,1
retarded,2,2
retards,1,1
reteaching,1,1
retire,5,4
retired,9,7
retirement,1,1
retiring,1,1
retrain,1,1
retriever,1,1
retro,1,1
retrospect,1,1
reversals,1,1
reverse,4,3
reversing,1,1
review,1,1
rewarding,1,1
rewrite,1,1
rewrote,2,1
rhyme,1,1
rice,1,1
rich,4,1
richest,1,1
richies,1,1
richland,1,1
richmond,5,5
rid,4,2
ridden,1,1
ride,7,2
ridiculous,3,3
rifle,4,2
right,301,25
rights,11,3
ring,5,1
rings,1,1
rinse,1,1
ripped,4,3
rips,1,1
riser,2,2
risking,1,1
rivalled,1,1
river,3,1
riverside,1,1
road,14,6
roads,2,1
roam,1,1
roaming,1,1
rob,1,1
robbed,1,1
robbie,1,1
robert,2,2
roberta,1,1
robin,1,1
robust,1,1
rochester,1,1
rock,3,1
rocker,1,1
rocking,3,2
rocks,1,1
rocky,1,1
rode,2,1
rodney,1,1
roe,1,1
roger,1,1
role,3,1
rolled,2,2
rollers,1,1
rolling,3,3
rolls,3,3
rom,1,1
roman,1,1
rome,1,1
rommel,1,1
roofing,1,1
room,32,2
room's,1,1
roommate,1,1
roommate's,2,2
rooms,3,3
rooted,1,1
rosa,1,1
rose,1,1
rosemary,1,1
roses,1,1
rosie,3,2
rotted,1,1
rough,11,3
round,1,1
rounded,1,1
rounds,1,1
route,3,2
routed,1,1
routes,1,1
routinely,1,1
row,4,1
rows,1,1
roy,1,1
rozutti,1,1
rub,1,1
rubbed,2,1
ruin,2,2
ruined,2,2
rule,5,1
rules,3,2
run,29,6
running,18,12
runs,6,2
runway,1,1
runways,1,1
rural,4,3
russia,1,1
ruston,1,1
rusty,1,1
s,25,10
sabotage,2,2
sacramental,1,1
sacramento,1,1
sacred,1,1
sacrifices,1,1
sad,6,4
sadly,2,1
safe,1,1
safer,2,1
saggy,1,1
said,329,32
saint,7,4
salads,1,1
sales,4,2
salvage,1,1
salvation,2,2
same,65,4
sanctioned,1,1
sanctuary,1,1
sandler,1,1
sandwich,1,1
sarah,1,1
sarcom,1,1
sat,7,4
satanic,1,1
saturday,9,7
savannah,1,1
save,2,1
saving,1,1
savvy,1,1
saw,27,3
say,217,4
saying,43,14
says,70,10
scabs,2,1
scale,1,1
scanner,6,2
scarce,1,1
scare,5,2
scared,11,3
scary,6,2
scattered,1,1
scene,1,1
scenic,1,1
schedule,3,3
scheduled,3,3
scholarship,2,2
scholarships,2,1
schoo,1,1
school,247,17
schoolers,1,1
schools,35,11
schottenstein,1,1
schwarzenegger,1,1
science,15,7
sciences,2,2
scioto,1,1
score,4,2
scored,1,1
scores,8,2
scoring,1,1
scott,3,2
scout,1,1
scouting,1,1
scouts,3,1
scrambled,1,1
scratch,3,2
scream,1,1
screamed,1,1
screaming,2,2
screen,4,1
screening,2,2
screw,8,3
screwed,3,3
screwing,2,2
screws,1,1
scripture,5,3
scroungey,1,1
scrubbed,1,1
sea,1,1
sealed,1,1
search,3,1
searching,4,4
searing,1,1
sears,2,2
season,2,2
seat,4,2
seats,1,1
seattle,2,2
second,21,13
seconds,2,2
secret,2,2
secretarial,3,2
secretary,3,2
section,2,2
sections,2,1
sectors,2,1
secure,1,1
security,6,3
see,202,7
seeing,7,5
seeking,1,1
seem,10,1
seemed,3,2
seems,14,1
seen,31,4
sees,4,1
sega,2,2
segregate,1,1
seldom,1,1
selective,2,2
self,1,1
selflessness,1,1
sell,10,2
selling,5,3
sells,1,1
semi,2,2
seminar,1,1
seminaries,1,1
seminars,1,1
senate,2,2
senator,1,1
senators,2,2
send,12,3
sending,2,1
senior,7,2
sense,10,3
senseless,1,1
sensible,1,1
sensitive,2,2
sent,7,4
sentence,6,2
separate,6,6
separated,1,1
september,2,2
sequences,1,1
sergeant,2,2
serious,7,5
seriously,1,1
sermon,2,2
serve,1,1
served,1,1
server,2,1
service,21,10
services,1,1
set,17,4
sets,2,1
setting,7,4
settle,4,1
settled,2,2
settlement,3,3
settling,3,3
seven,53,16
seventeen,8,4
seventh,5,4
seventies,3,1
seventy,38,18
several,10,3
sewn,1,1
sex,9,2
sexist,1,1
sexual,4,2
sexuality,1,1
shake,2,1
shaken,1,1
shall,1,1
shallow,1,1
shalt,1,1
shape,7,1
shapes,1,1
share,14,2
shared,4,3
sharing,1,1
shark,1,1
sharking,1,1
sharon,1,1
shaved,1,1
shawshank,2,1
she,499,14
she'd,15,3
she'll,7,4
she's,103,10
sheep,2,1
sheepherder,1,1
sheepherders,2,1
sheet,3,2
shell,1,1
shells,4,1
shepherd,4,3
sherry,2,1
shift,5,2
shifts,1,1
ship,1,1
shirt,7,2
shirts,2,1
shit,7,3
shocked,3,1
shocking,1,1
shoemaker,2,1
shoes,12,3
shoot,6,3
shooting,8,6
shootings,2,1
shoots,1,1
shop,8,2
shopping,9,6
shops,1,1
short,6,4
shorten,1,1
shortest,1,1
shortly,2,2
shot,8,3
shotgun,2,2
should,87,15
should've,4,4
shoulda,1,1
shoulder,1,1
shoulders,2,2
shouldn't,14,9
show,19,2
showed,7,3
showers,2,2
showing,4,3
shown,3,1
shows,7,3
shrinks,1,1
shuffle,1,1
shuffling,1,1
shunned,1,1
shut,1,1
shuts,1,1
shy,1,1
sibling,4,1
siblings,1,1
sick,5,1
sickening,1,1
side,32,7
sides,2,2
sidetracked,2,2
sidewalks,1,1
sight,1,1
sign,10,5
signature,3,1
signed,3,2
significant,1,1
significantly,2,2
signing,1,1
silence,2,2
silently,1,1
sills,1,1
silly,2,1
similar,8,7
similarities,1,1
simple,2,1
simpler,1,1
simply,4,1
simpson,1,1
sin,3,2
sinatra,1,1
since,39,9
sinful,1,1
sing,2,1
singer,1,1
singing,3,3
single,11,6
sink,1,1
sinner,1,1
sins,3,3
siphoned,1,1
sister,29,6
sister's,4,2
sisters,10,6
sit,57,11
site,3,1
sites,2,1
sits,4,1
sitter,1,1
sitting,22,15
situation,8,5
situations,3,2
six,65,7
sixteen,19,3
sixth,13,2
sixties,5,3
sixtieth,1,1
sixty,17,3
size,6,4
sized,1,1
skate,2,2
skating,1,1
skiing,2,2
skilled,2,1
skills,3,1
skinheads,1,1
skinned,1,1
skip,1,1
skirt,1,1
sky,2,1
slack,1,1
slam,1,1
slap,2,1
slash,1,1
sleep,7,1
sleeping,5,4
slept,1,1
slick,1,1
slip,3,1
slippery,1,1
sloppy,1,1
slow,6,1
slower,2,1
slowly,3,2
slurpie,1,1
slut,1,1
smack,4,1
small,21,4
smaller,10,3
smallpox,1,1
smart,6,5
smartest,1,1
smattering,1,1
smell,1,1
smells,1,1
smelly,1,1
smiles,1,1
smiling,4,4
smith,1,1
smoke,2,1
smoked,1,1
smoking,5,4
smut,1,1
snapping,1,1
so,933,35
so's,1,1
soap,6,1
soapbox,1,1
social,5,4
socialism,2,2
socialistic,2,2
socialists,1,1
socialize,2,2
socializing,2,2
socially,3,1
society,9,4
sofas,1,1
software,2,2
sold,4,3
soldier,1,1
solution,1,1
solutions,1,1
solve,1,1
solvent,1,1
solver,1,1
some,281,10
somebody,59,18
somebody's,5,4
somehow,6,1
someone,29,7
someone'd,1,1
someone's,4,2
someplace,2,1
something,251,57
something's,3,3
sometime,4,1
sometimes,46,14
somewhat,3,3
somewhere,21,4
son,34,6
son's,5,1
songs,1,1
sons,3,1
soon,10,4
sooner,1,1
soonest,1,1
sophomore,3,3
sorely,1,1
sores,1,1
sororities,1,1
sorry,22,7
sort,34,12
sorts,8,6
soul,1,1
sound,10,3
sounded,1,1
sounds,6,3
soup,4,2
sour,1,1
south,8,1
southeast,2,1
southeastern,1,1
southern,4,3
space,4,1
spaced,1,1
spacey,1,1
spanish,1,1
speak,6,2
speaking,10,4
special,9,4
specific,7,6
specifically,3,2
specimens,1,1
speech,8,1
speeches,1,1
speed,3,1
speeding,1,1
spell,19,2
spelled,3,1
speller,2,1
spelling,3,1
spells,1,1
spend,16,6
spending,2,2
spends,1,1
spendthrift,1,1
spent,4,4
sperm,3,2
spider,1,1
spiel,1,1
spilled,2,2
spilling,1,1
spiral,2,2
spirit,2,2
spirits,1,1
spiritual,14,11
spirituality,1,1
spiritually,2,1
spitting,1,1
spitz,1,1
split,4,4
splitcycle,1,1
splitting,1,1
spoil,1,1
spoiled,1,1
spoken,1,1
sponge,1,1
sponsored,1,1
sport,1,1
sports,2,1
sposeta,4,3
sprawling,1,1
spread,7,2
spreading,1,1
spreads,1,1
spring,3,1
springer,4,3
springtime,1,1
squared,1,1
squeamish,1,1
squirrels,1,1
stable,1,1
stack,2,2
stacked,1,1
stadium,2,2
stadiums,1,1
stage,2,1
stairs,1,1
stalk,1,1
stamps,1,1
stance,4,3
stand,11,4
standard,4,3
standards,3,3
standing,1,1
stands,4,3
stanford,1,1
star,1,1
stars,3,2
start,49,13
started,64,38
starting,9,5
starts,6,3
starve,1,1
state,36,7
statement,3,3
statements,1,1
states,10,4
statewide,1,1
station,2,2
statistic,1,1
statistics,2,2
status,2,2
statute,2,2
stay,27,3
stayed,18,3
staying,4,3
stays,3,1
steadily,1,1
steady,3,1
steaks,1,1
steal,2,2
stealing,1,1
steel,1,1
step,6,4
stepdad,1,1
steps,1,1
stereotypical,2,2
stew,1,1
stick,11,1
sticker,1,1
sticks,2,1
sticky,1,1
still,92,13
stimulates,1,1
stinking,2,2
stock,2,1
stocks,3,1
stolen,4,3
stomach,5,3
stomped,1,1
stone,2,2
stones,1,1
stool,1,1
stop,14,2
stopped,6,3
stops,1,1
store,16,3
stores,6,4
stories,3,2
storm,1,1
story,6,3
straight,21,11
straighten,2,2
stranded,1,1
strange,3,2
street,18,11
streets,3,2
strength,1,1
stress,1,1
stressed,2,1
stressful,6,5
stretch,1,1
strict,1,1
stricter,1,1
strictly,1,1
strike,1,1
strikes,1,1
strip,1,1
strippers,1,1
strong,2,2
strongly,1,1
struck,1,1
structure,1,1
struggle,3,2
struggled,1,1
struggling,3,3
stubborn,1,1
stuck,4,1
student,15,6
students,27,12
studied,2,2
studies,5,2
study,13,3
studying,2,2
stuff,153,8
stumble,1,1
stumbled,1,1
stunned,1,1
stunt,1,1
stupid,37,11
stupidity,1,1
stuttered,1,1
style,3,3
stylish,1,1
subcontractor,1,1
subdue,1,1
subjecting,1,1
subjective,1,1
subjects,2,1
subs,1,1
substantial,2,2
substitute,4,4
substitutes,1,1
substituting,1,1
subtle,2,1
subtleties,1,1
subtract,1,1
suburb,1,1
suburban,2,2
suburbia,2,1
subway,1,1
succeed,1,1
success,1,1
successful,3,2
succumb,1,1
succumbed,1,1
such,19,1
sucked,5,3
sucker,1,1
sucks,4,1
sudden,5,3
suddenly,1,1
sue,2,1
sued,2,1
suffer,2,1
suffix,1,1
sugar,2,1
sugary,1,1
suggest,2,2
suit,1,1
suits,1,1
summarize,1,1
summer,17,1
summers,2,1
summit,2,2
sunday,16,4
super,4,1
superintendent,3,3
supervisor,1,1
supper,1,1
supplement,1,1
supply,1,1
support,18,7
supported,5,5
supporting,1,1
supportive,2,2
suppose,8,5
supposed,29,13
supposedly,7,7
supposta,1,1
supreme,4,2
sure,51,12
surface,1,1
surfboard,1,1
surfed,1,1
surgery,1,1
surprise,1,1
surprised,6,4
surprising,1,1
surveyed,1,1
survived,2,2
suspend,1,1
suzy,1,1
swan,2,1
sway,3,1
swayed,1,1
swear,5,2
swearing,1,1
sweet,3,2
swimming,2,2
swimsuit,1,1
swing,3,1
swirling,1,1
switch,1,1
switched,2,2
swore,1,1
sydney,2,1
symbol,1,1
symptoms,1,1
syndrome,1,1
syntax,1,1
system,27,7
systems,6,4
t,27,2
t's,1,1
table,13,7
tables,4,3
taboo,2,1
tabs,2,1
taco,2,1
tag,2,1
tail,1,1
taj mahal,1,1
take,144,4
taken,8,5
takes,20,3
taking,35,12
tale,1,1
talk,83,7
talked,19,7
talking,49,25
talks,4,2
taller,1,1
tallow,3,1
tam,1,1
tamara,2,2
tammy,2,1
tank,3,2
tanks,1,1
tap,1,1
tape,10,1
tapes,1,1
taping,2,1
tapped,1,1
tapping,2,2
target,3,3
task,1,1
tasks,2,1
taste,2,2
tastes,2,2
taught,27,5
tax,6,1
taxed,1,1
taxes,6,3
taxi,2,2
taxis,1,1
taylor,1,1
tea,1,1
teach,26,2
teacher,34,2
teacher's,1,1
teachers,34,6
teachers',2,2
teaches,1,1
teaching,19,5
team,12,1
teams,3,2
tear,1,1
tears,1,1
teasing,1,1
teater,2,2
teater's,4,2
technical,3,3
technically,3,3
technology,1,1
teddy,1,1
tee,1,1
teen,1,1
teenager,4,3
teenagers,1,1
teeny,2,2
teeth,6,1
telephone,4,2
television,6,6
tell,96,8
telling,17,11
tells,7,4
temporary,1,1
ten,60,7
tend,7,4
tended,1,1
tendon,2,1
tends,5,3
tennessee,4,2
tensed,1,1
tenth,4,1
term,4,2
terms,15,3
terrible,13,6
terribly,1,1
terrific,2,2
terrified,1,1
territory,1,1
test,23,3
tested,1,1
testing,5,1
tests,5,3
texas,2,2
than,120,27
thank,14,4
thankful,1,1
thanks,4,3
thanksgiving,3,2
that,2183,209
that'd,5,4
that'll,4,4
that's,478,69
that've,1,1
the,3147,110
the ,1,1
theater,2,2
their,194,26
theirselves,1,1
them,442,41
them's,3,1
themself,1,1
themselves,10,8
then,347,39
theological,4,2
theorems,2,2
theories,1,1
theory,2,2
therapist,2,2
therapy,4,3
there,656,50
there'd,5,4
there'll,3,3
there're,1,1
there's,256,48
there've,1,1
therefore,6,3
theresa,1,1
these,107,13
thesis,2,1
they,1277,42
they'd,29,14
they'll,44,16
they're,296,32
they've,48,16
thick,1,1
thief,1,1
thing,171,19
thing's,1,1
thingies,1,1
things,212,31
thingy,1,1
think,589,55
thinker,1,1
thinking,20,9
thinks,13,6
thinning,1,1
third,14,3
thirteen,11,6
thirties,3,2
thirty,61,8
this,484,29
thomas,2,1
thoroughfares,1,1
those,141,22
thou,1,1
though,41,10
thought,82,19
thoughts,2,1
thousand,49,15
thousands,3,2
thread,1,1
threatened,6,5
threatening,1,1
three,147,7
threes,2,1
threw,6,2
thrift,3,1
thrilled,1,1
throat,4,3
throats,1,1
throes,1,1
through,94,17
throughout,3,3
throw,15,4
throwing,5,5
thrown,1,1
throws,1,1
thumbs,1,1
thunder,1,1
thunderstorm,1,1
thurber,1,1
thursday,3,2
ticket,4,2
tickets,4,2
tidal,1,1
tie,2,1
tied,2,1
tiff,1,1
tight,2,1
tighten,1,1
til,1,1
till,20,9
timbers,2,2
time,275,17
time's,2,2
timeless,1,1
times,47,9
tineteen,1,1
tink,1,1
tiny,1,1
tip,1,1
tired,4,3
tires,1,1
title,2,1
to,2406,99
to ,1,1
today,45,15
today's,5,1
todd,1,1
toes,2,1
together,31,16
toilet,1,1
token,1,1
told,59,12
toledo,3,2
tom,1,1
tomatoes,2,1
tomorrow,4,3
tomorrow's,1,1
ton,1,1
tongue,4,1
tongues,1,1
tonight,1,1
tons,2,1
too,152,7
took,47,4
tooth,1,1
tootsie,1,1
top,15,1
topic,3,1
topics,2,1
tore,2,2
tornado,5,4
tornados,1,1
total,4,2
totally,11,4
touch,4,1
touched,1,1
touching,2,2
tough,9,1
tougher,2,1
toured,1,1
tournament,1,1
toward,8,8
towards,7,7
towel,1,1
tower,7,2
towers,1,1
town,27,3
towns,1,1
township,5,1
toy,2,2
toys,1,1
trace,1,1
track,3,2
tracked,1,1
tractor,2,2
tractors,4,3
trade,5,4
traded,1,1
tradeoff,1,1
trades,1,1
trading,1,1
traffic,11,7
tragedy,1,1
trail,1,1
trailer,2,2
train,3,3
training,4,3
traits,1,1
trample,1,1
trampling,1,1
transcribing,1,1
transfer,1,1
transferred,3,2
transit,1,1
transitioning,1,1
translate,1,1
transmeridian,1,1
transposing,1,1
trash,5,2
trashy,1,1
trauma,2,1
traumatic,2,2
travel,4,3
traveled,1,1
traveling,1,1
travels,1,1
tread,1,1
treat,5,2
treated,2,2
tree,5,2
tremendous,4,4
trend,3,2
trial,6,4
trials,3,2
tribes,1,1
tried,19,8
tries,5,3
trig,1,1
trigger,1,1
triggers,1,1
trimming,1,1
trip,3,1
trips,1,1
trouble,12,4
troublemakers,1,1
troubles,1,1
truck,8,2
trucks,3,2
true,16,7
truly,2,2
trust,2,1
trustee,2,2
truth,9,5
try,71,7
trying,58,25
tubule,1,1
tuesday,5,3
tuition,2,2
tulsa,3,2
tulsan,1,1
tunnel,4,3
turkey,1,1
turn,26,7
turned,17,8
turning,4,3
turns,2,1
turtles,1,1
tutor,1,1
tuttle,2,2
tv,28,2
tweed,1,1
twelfth,7,4
twelve,17,5
twenties,1,1
twentieth,2,2
twenty,87,16
twice,4,1
twiddling,1,1
twin,1,1
twins,2,1
twist,1,1
twisting,1,1
twists,1,1
twizzlers,2,2
two,241,8
twos,4,2
type,15,3
types,4,2
typewriters,1,1
typing,3,2
u,30,4
u's,4,2
uh,1525,45
uh-huh,14,7
uh-hum,1,1
uh-oh,1,1
uh-uh,1,1
uh-uhn,1,1
uh-unh,2,2
uhhuh,1,1
ultimately,1,1
ultra,3,3
ultrasound,5,5
ultrasounds,1,1
um,772,31
um-hum,379,18
um-hum>,1,1
um-um,1,1
umbilical,1,1
umbrella,1,1
umbrellas,1,1
unable,1,1
unaware,1,1
unbathed,1,1
unbiased,1,1
unbrand,2,1
uncle,1,1
uncomfortable,1,1
uncovered,1,1
unction,1,1
undecided,2,2
under,25,9
underage,1,1
underground,1,1
underneath,2,2
understand,36,18
understanding,7,7
understands,3,3
understood,8,8
undo,2,1
undoing,1,1
undoubtedly,1,1
unemployed,1,1
unemployment,2,2
unfairness,1,1
unfortunately,6,6
unh-unh,2,1
unifying,1,1
unimportant,1,1
union,2,2
unique,1,1
unit,1,1
united,10,10
universe,1,1
university,14,12
unless,16,10
unnecessary,1,1
unorthodox,1,1
unpleasant,1,1
unpopular,3,3
unseen,2,2
unsettling,1,1
until,39,15
unwise,1,1
up,378,12
up's,1,1
upbringing,2,2
upgrading,1,1
upholstery,2,2
upon,10,4
upper,1,1
uproot,1,1
upset,8,4
upstairs,5,2
urban,2,1
urge,1,1
us,71,5
use,48,5
useable,1,1
used,47,12
useful,3,3
useta,16,12
using,6,5
usually,50,20
utilities,1,1
utilizing,1,1
v,10,2
vacant,1,1
vacation,5,3
vaccinated,2,2
vacuum,1,1
valuable,1,1
value,2,2
values,3,2
van,1,1
vanessa,1,1
vanishes,1,1
variety,2,2
various,2,2
vary,1,1
vast,3,2
vegetable,2,2
vegetables,2,2
vegetarian,1,1
venice,1,1
ventilating,1,1
versed,1,1
version,3,1
versus,6,3
very,188,23
vestibule,2,1
vestibules,3,2
vet,1,1
veteran,1,1
veterinary,1,1
via,1,1
vibrations,1,1
vice,1,1
victorious,1,1
video,9,3
vienna,1,1
vietcong,1,1
vietnam,11,5
vietnamese,1,1
view,3,1
views,4,1
vigorous,1,1
village,3,2
vinegar,1,1
vineyard,1,1
vineyards,1,1
violence,6,6
violent,2,2
virgin,1,1
virginia,11,5
virus,1,1
vision,3,2
visit,3,2
visited,1,1
visiting,1,1
visitors,1,1
visual,2,2
vocabulary's,1,1
vocational,1,1
vociferously,1,1
voice,4,1
voinivich's,1,1
voinovich's,1,1
volkswagen,1,1
volume,1,1
volunteer,7,3
volunteered,3,3
vote,56,5
voted,31,9
voter,1,1
voters,3,1
votes,10,3
voting,6,3
vulgarity,1,1
w,8,6
w's,1,1
wacky,3,1
wade,2,2
wadi,1,1
wads,1,1
wadsworth,1,1
wages,1,1
wait,22,4
waited,1,1
waiter,1,1
waiting,6,5
wake,2,1
wakes,1,1
walk,23,2
walked,8,3
walking,11,7
walks,1,1
wall,7,2
wallpapered,1,1
wallpapering,1,1
walt,3,2
wander,1,1
wanderlust,1,1
wanna,21,11
want,219,44
wanted,43,24
wanting,2,2
wants,20,9
war,9,3
ward,2,1
warm,1,1
warn,1,1
warning,1,1
warp,1,1
warrant,1,1
warren,2,2
wars,2,1
was,1176,58
wash,4,3
washington,4,4
wasn't,63,28
waste,2,2
wasted,3,2
watch,22,4
watched,2,2
watches,2,2
watching,18,7
water,9,4
watergate,1,1
wave,1,1
way,190,5
wayne,1,1
ways,21,4
we,554,25
we'd,24,5
we'll,32,11
we're,76,12
we've,18,3
weakest,1,1
wealthy,2,1
weapons,1,1
wear,16,4
wearing,1,1
wears,2,2
weather,5,2
weather's,1,1
web,7,2
webbing,3,1
websites,1,1
wedding,1,1
wednesday,5,3
weed,1,1
week,36,2
weekend,7,5
weekends,4,3
weeks,30,3
weeny,1,1
weigh,2,1
weird,9,6
weirdest,1,1
welfare,6,2
well,554,54
went,183,23
were,272,21
weren't,18,8
west,14,4
western,2,2
westerville,3,3
westland,1,1
whack,1,1
what,506,55
what'd,5,4
what're,1,1
what's,36,7
whatever,59,16
whatsoever,2,1
wheat,1,1
when,429,55
when's,1,1
whenever,5,5
where,194,34
where's,3,2
whereas,2,2
wherein,1,1
wherever,1,1
whether,44,14
which,128,16
whichever,1,1
while,53,16
whim,1,1
whining,1,1
whip,1,1
whirlpool,1,1
white,14,2
who,172,11
who's,22,9
who've,1,1
whoa,12,5
whoever,2,2
whoever's,1,1
whole,58,4
whoom,1,1
whoops,1,1
whore,1,1
whose,4,2
whupped,1,1
why,103,11
why'd,1,1
wick,1,1
wide,4,3
wider,1,1
wierd,1,1
wife,20,2
wife's,2,1
wild,2,2
wilderness,1,1
will,122,18
william,5,4
william's,1,1
willie,1,1
willing,5,5
wilson,1,1
win,7,3
wind,3,3
window,4,3
windows,6,6
windshield,1,1
wine,3,1
winfrey,2,2
wing,5,1
winnie,1,1
winning,7,3
winston,1,1
winter,5,4
wintery,1,1
wipers,1,1
wipes,1,1
wire,2,2
wired,1,1
wires,1,1
wisconsin,1,1
wisdom,1,1
wise,4,1
wisely,1,1
wish,11,2
with,551,60
withdraw,1,1
within,27,10
without,23,17
witness,1,1
witnessed,1,1
wolff,2,2
woman,34,11
woman's,3,3
women,27,11
women's,4,1
won,15,2
won't,37,16
wonder,7,5
wondered,1,1
wonderful,7,5
wondering,1,1
wooden,1,1
woods,2,1
woody,1,1
woolworth's,1,1
word,24,8
worded,1,1
wording,1,1
words,24,5
wore,5,1
work,141,9
worked,47,6
worker,2,1
workers,1,1
working,45,20
workplace,1,1
works,30,8
workshops,1,1
world,47,14
world's,1,1
worn,1,1
worried,5,4
worries,1,1
worry,8,4
worrying,1,1
worse,16,2
worser,1,1
worshipping,2,2
worst,8,2
worth,11,2
worthington,18,8
worthington's,1,1
worthwhile,1,1
would,321,33
would've,14,9
wouldn't,70,27
wow,8,2
wrestle,1,1
wright,1,1
wrinkles,1,1
write,31,7
writer,3,2
writers,1,1
writes,2,1
writing,21,4
written,4,1
wrong,39,10
wrote,16,4
x,2,1
xerox,1,1
y,6,2
ya,3,3
yada,7,3
yahoo,1,1
yard,5,4
yards,6,3
yay,1,1
ye,1,1
yeah,810,80
year,95,13
year's,1,1
years,186,22
yell,4,1
yelling,2,2
yellow,1,1
yep,35,10
yes,72,6
yesterday,7,6
yet,34,7
yknow,1516,232
york,9,4
you,1551,72
you'd,23,12
you'll,23,10
you're,260,27
you've,25,9
young,14,1
younger,20,3
youngest,9,4
your,246,28
yours,4,4
yourself,15,7
youth,4,2
yuk,1,1
zero,3,2
zimbalist,1,1
zip,4,1
zipping,1,1
zone,2,1
zoo,1,1
zoom,2,1
zucchini,1,1
